Employee_ID,Gender,Company_Type,WFH_Setup_Available,Designation,Resource_Allocation,Mental_Fatigue_Score,Burn_Rate
EMP0001,Male,Service,Yes,3,1,2.7,0.28
EMP0002,Female,Service,Yes,3,8,1.7,0.42
EMP0003,Female,Service,No,1,2,3.3,0.35
EMP0004,Female,Service,Yes,4,9,2.0,0.49
EMP0005,Male,Product,No,0,8,6.3,0.55
EMP0006,Male,Product,Yes,0,3,5.7,0.25
EMP0007,Male,Service,No,4,5,3.8,0.55
EMP0008,Female,Product,No,5,9,3.3,0.6
EMP0009,Female,Service,Yes,1,1,2.4,0.16
EMP0010,Female,Service,Yes,1,9,5.4,0.56
EMP0011,Male,Product,Yes,1,4,9.2,0.47
EMP0012,Female,Service,No,0,4,6.9,0.58
EMP0013,Female,Product,Yes,3,4,7.4,0.51
EMP0014,Male,Service,No,5,10,8.3,0.96
EMP0015,Male,Service,Yes,1,9,3.5,0.43
EMP0016,Male,Service,Yes,0,6,0.6,0.17
EMP0017,Male,Product,Yes,0,8,6.2,0.44
EMP0018,Male,Service,Yes,3,4,1.9,0.31
EMP0019,Male,Service,Yes,4,3,5.7,0.47
EMP0020,Male,Service,No,4,1,7.4,0.63
EMP0021,Female,Service,No,1,10,7.8,0.82
EMP0022,Male,Product,Yes,1,7,3.0,0.32
EMP0023,Male,Product,No,5,4,5.1,0.59
EMP0024,Male,Product,No,3,8,6.2,0.67
EMP0025,Male,Service,No,1,3,8.2,0.59
EMP0026,Female,Product,Yes,3,1,7.6,0.4
EMP0027,Male,Product,Yes,0,5,9.9,0.5
EMP0028,Male,Service,Yes,1,2,0.1,0.1
EMP0029,Female,Product,No,0,3,4.4,0.31
EMP0030,Male,Service,Yes,2,6,2.6,0.35
EMP0031,Female,Service,Yes,3,3,1.2,0.22
EMP0032,Male,Service,Yes,2,3,9.1,0.53
EMP0033,Male,Product,Yes,1,6,10.0,0.57
EMP0034,Female,Product,No,0,5,1.8,0.3
EMP0035,Female,Service,Yes,1,10,0.4,0.35
EMP0036,Female,Service,Yes,2,9,2.8,0.44
EMP0037,Male,Service,No,1,1,8.3,0.51
EMP0038,Male,Product,No,5,3,2.9,0.44
EMP0039,Female,Service,No,4,3,0.6,0.39
EMP0040,Male,Service,No,2,6,0.5,0.42
EMP0041,Male,Service,No,1,8,4.3,0.55
EMP0042,Male,Service,Yes,0,3,9.3,0.49
EMP0043,Male,Service,Yes,1,3,2.9,0.24
EMP0044,Female,Service,No,0,6,4.3,0.48
EMP0045,Male,Product,No,4,8,1.0,0.47
EMP0046,Female,Service,No,1,6,4.9,0.54
EMP0047,Male,Product,Yes,4,10,7.0,0.66
EMP0048,Male,Product,Yes,2,3,2.7,0.2
EMP0049,Male,Product,Yes,0,4,3.0,0.2
EMP0050,Male,Product,Yes,5,1,8.4,0.52
EMP0051,Female,Product,Yes,2,8,0.1,0.29
EMP0052,Female,Product,No,0,4,6.4,0.46
EMP0053,Female,Service,Yes,4,6,3.9,0.49
EMP0054,Female,Service,Yes,3,3,3.0,0.33
EMP0055,Female,Product,Yes,1,6,6.6,0.42
EMP0056,Female,Service,No,4,9,8.3,0.86
EMP0057,Male,Service,Yes,0,9,5.6,0.52
EMP0058,Male,Product,Yes,0,10,0.3,0.21
EMP0059,Male,Product,Yes,0,3,4.6,0.24
EMP0060,Male,Service,Yes,0,3,4.6,0.29
EMP0061,Male,Service,No,1,4,5.4,0.49
EMP0062,Male,Service,No,2,7,6.7,0.68
EMP0063,Female,Product,Yes,5,3,0.2,0.21
EMP0064,Male,Product,Yes,3,10,5.0,0.54
EMP0065,Male,Product,No,1,8,5.9,0.6
EMP0066,Male,Product,Yes,0,8,3.4,0.33
EMP0067,Male,Product,Yes,1,6,6.7,0.41
EMP0068,Female,Product,Yes,4,4,2.3,0.28
EMP0069,Male,Service,No,5,5,3.2,0.59
EMP0070,Female,Service,Yes,0,2,9.6,0.48
EMP0071,Female,Product,Yes,3,6,3.5,0.39
EMP0072,Male,Service,No,0,3,3.5,0.31
EMP0073,Male,Product,Yes,5,6,6.0,0.55
EMP0074,Female,Service,Yes,3,5,9.7,0.68
EMP0075,Female,Product,No,5,2,9.8,0.7
EMP0076,Female,Service,Yes,3,5,5.8,0.49
EMP0077,Female,Service,No,2,5,0.0,0.33
EMP0078,Male,Service,Yes,2,9,9.0,0.72
EMP0079,Male,Product,Yes,1,8,5.7,0.44
EMP0080,Male,Service,Yes,1,7,3.7,0.41
EMP0081,Female,Product,Yes,3,3,8.3,0.47
EMP0082,Female,Service,Yes,0,10,4.0,0.45
EMP0083,Male,Service,No,4,4,0.3,0.39
EMP0084,Male,Product,Yes,4,6,8.2,0.64
EMP0085,Male,Service,Yes,0,3,5.5,0.33
EMP0086,Male,Service,Yes,0,9,3.4,0.42
EMP0087,Female,Product,No,2,8,2.5,0.48
EMP0088,Female,Service,Yes,4,6,5.9,0.56
EMP0089,Female,Product,Yes,3,4,2.1,0.24
EMP0090,Male,Service,Yes,5,7,3.2,0.51
EMP0091,Male,Service,Yes,1,3,6.4,0.41
EMP0092,Female,Service,Yes,5,10,8.8,0.87
EMP0093,Female,Service,No,2,8,5.3,0.63
EMP0094,Female,Service,Yes,4,1,7.6,0.52
EMP0095,Female,Product,Yes,0,3,7.6,0.34
EMP0096,Male,Service,Yes,4,5,6.6,0.59
EMP0097,Male,Product,No,3,5,2.5,0.44
EMP0098,Male,Service,Yes,2,10,8.7,0.7
EMP0099,Male,Product,Yes,0,2,4.4,0.19
EMP0100,Male,Product,Yes,5,10,0.4,0.43
EMP0101,Male,Service,Yes,3,8,2.4,0.4
EMP0102,Female,Product,Yes,5,5,7.7,0.58
EMP0103,Male,Service,Yes,1,7,0.7,0.26
EMP0104,Male,Product,Yes,2,7,1.5,0.3
EMP0105,Female,Product,Yes,3,5,6.9,0.49
EMP0106,Male,Service,Yes,3,8,8.9,0.73
EMP0107,Male,Product,Yes,5,9,6.3,0.65
EMP0108,Female,Product,Yes,0,4,2.2,0.16
EMP0109,Male,Service,No,1,4,0.5,0.3
EMP0110,Male,Product,No,5,8,6.2,0.75
EMP0111,Male,Service,No,3,1,0.5,0.25
EMP0112,Male,Product,No,2,4,6.1,0.51
EMP0113,Female,Product,No,3,6,2.3,0.5
EMP0114,Female,Service,No,4,4,9.0,0.79
EMP0115,Female,Product,Yes,2,6,4.8,0.38
EMP0116,Female,Product,No,2,5,2.2,0.41
EMP0117,Female,Product,Yes,3,9,8.5,0.67
EMP0118,Male,Product,Yes,0,10,2.5,0.36
EMP0119,Female,Service,No,2,9,3.1,0.6
EMP0120,Male,Product,Yes,4,4,8.3,0.56
EMP0121,Female,Service,Yes,5,4,3.1,0.43
EMP0122,Female,Service,No,0,8,4.1,0.53
EMP0123,Male,Product,Yes,0,10,3.5,0.38
EMP0124,Male,Service,Yes,0,4,1.2,0.14
EMP0125,Male,Product,No,2,2,0.4,0.18
EMP0126,Male,Service,No,0,2,7.2,0.49
EMP0127,Female,Product,Yes,3,1,6.5,0.34
EMP0128,Female,Service,Yes,0,5,2.8,0.25
EMP0129,Male,Service,Yes,4,6,3.0,0.5
EMP0130,Male,Product,No,1,9,9.5,0.82
EMP0131,Male,Service,Yes,4,5,9.9,0.73
EMP0132,Male,Service,Yes,2,6,4.7,0.46
EMP0133,Male,Product,Yes,0,6,8.0,0.44
EMP0134,Male,Product,Yes,0,3,7.4,0.32
EMP0135,Female,Service,No,3,4,3.0,0.47
EMP0136,Male,Service,Yes,5,1,0.6,0.23
EMP0137,Male,Service,No,0,4,1.4,0.31
EMP0138,Female,Service,Yes,4,1,8.4,0.5
EMP0139,Male,Service,No,2,5,7.3,0.69
EMP0140,Female,Service,No,1,8,6.6,0.68
EMP0141,Female,Product,Yes,0,8,1.3,0.2
EMP0142,Male,Product,Yes,1,5,6.4,0.4
EMP0143,Male,Service,Yes,0,10,7.7,0.61
EMP0144,Male,Service,No,2,2,8.6,0.6
EMP0145,Male,Product,Yes,5,6,0.1,0.28
EMP0146,Male,Product,No,4,1,6.8,0.52
EMP0147,Female,Service,No,2,7,0.2,0.45
EMP0148,Male,Service,No,1,4,7.1,0.58
EMP0149,Male,Product,No,0,5,6.4,0.49
EMP0150,Male,Service,Yes,1,6,1.5,0.29
EMP0151,Female,Product,Yes,4,1,7.7,0.43
EMP0152,Male,Product,Yes,2,9,0.7,0.29
EMP0153,Male,Product,No,1,10,8.3,0.72
EMP0154,Male,Product,No,1,4,2.6,0.31
EMP0155,Female,Service,No,4,8,6.9,0.82
EMP0156,Male,Product,Yes,0,5,9.2,0.49
EMP0157,Female,Service,Yes,1,8,3.4,0.42
EMP0158,Female,Service,No,4,1,5.0,0.51
EMP0159,Male,Product,Yes,0,8,4.6,0.37
EMP0160,Female,Service,Yes,5,4,1.6,0.36
EMP0161,Male,Service,No,0,2,5.9,0.41
EMP0162,Female,Service,Yes,5,6,7.4,0.65
EMP0163,Female,Product,Yes,2,2,9.2,0.49
EMP0164,Male,Service,Yes,4,5,8.5,0.66
EMP0165,Male,Service,Yes,0,2,5.1,0.26
EMP0166,Female,Product,No,5,3,7.2,0.67
EMP0167,Male,Product,Yes,5,6,8.0,0.68
EMP0168,Male,Service,Yes,2,1,4.9,0.36
EMP0169,Male,Service,Yes,3,6,1.2,0.33
EMP0170,Female,Product,No,4,3,4.4,0.48
EMP0171,Female,Service,Yes,3,7,8.4,0.69
EMP0172,Male,Product,Yes,0,2,6.0,0.28
EMP0173,Male,Service,Yes,4,6,7.2,0.63
EMP0174,Male,Product,Yes,2,8,1.9,0.31
EMP0175,Female,Service,Yes,0,1,9.6,0.42
EMP0176,Male,Product,No,4,9,4.0,0.67
EMP0177,Female,Product,No,4,5,6.5,0.64
EMP0178,Male,Product,Yes,3,5,0.2,0.2
EMP0179,Female,Product,Yes,0,5,1.3,0.13
EMP0180,Male,Service,No,2,6,7.8,0.7
EMP0181,Male,Product,Yes,2,2,9.7,0.5
EMP0182,Male,Service,No,0,6,3.2,0.42
EMP0183,Female,Product,Yes,0,4,0.4,0.04
EMP0184,Female,Product,No,5,8,3.6,0.67
EMP0185,Male,Product,No,1,9,0.2,0.37
EMP0186,Female,Product,No,3,9,1.9,0.52
EMP0187,Female,Product,No,0,8,7.5,0.63
EMP0188,Female,Product,Yes,0,3,9.4,0.41
EMP0189,Male,Service,No,1,10,0.9,0.51
EMP0190,Male,Product,Yes,1,4,5.6,0.32
EMP0191,Male,Service,Yes,4,1,2.5,0.3
EMP0192,Female,Service,No,2,9,1.4,0.49
EMP0193,Female,Product,No,3,5,2.2,0.42
EMP0194,Female,Service,No,4,6,5.8,0.69
EMP0195,Male,Service,Yes,0,3,0.7,0.1
EMP0196,Male,Service,No,1,10,4.3,0.66
EMP0197,Female,Service,No,5,8,1.4,0.6
EMP0198,Female,Product,Yes,2,7,2.7,0.34
EMP0199,Female,Service,Yes,4,1,1.9,0.27
EMP0200,Female,Service,Yes,5,10,8.8,0.88
EMP0201,Female,Service,Yes,2,5,7.1,0.5
EMP0202,Male,Service,No,5,10,8.7,0.97
EMP0203,Male,Product,No,1,9,3.8,0.54
EMP0204,Female,Product,No,4,6,3.1,0.53
EMP0205,Female,Service,No,4,8,3.8,0.66
EMP0206,Male,Service,Yes,2,10,0.2,0.38
EMP0207,Male,Product,No,5,1,7.2,0.58
EMP0208,Female,Product,Yes,1,10,3.5,0.43
EMP0209,Male,Product,No,0,7,3.1,0.38
EMP0210,Male,Product,Yes,4,3,6.0,0.4
EMP0211,Male,Service,No,0,9,4.4,0.54
EMP0212,Female,Service,Yes,1,6,9.8,0.63
EMP0213,Female,Product,Yes,4,5,3.6,0.36
EMP0214,Male,Product,No,4,8,6.1,0.75
EMP0215,Female,Product,Yes,5,8,3.1,0.5
EMP0216,Male,Product,No,0,3,9.9,0.55
EMP0217,Male,Service,Yes,5,2,4.5,0.45
EMP0218,Female,Service,No,3,2,6.3,0.58
EMP0219,Female,Service,Yes,0,5,1.3,0.22
EMP0220,Female,Product,Yes,0,10,7.3,0.53
EMP0221,Female,Service,Yes,3,7,2.7,0.44
EMP0222,Female,Service,Yes,1,8,4.5,0.49
EMP0223,Male,Service,Yes,1,10,8.8,0.74
EMP0224,Male,Service,Yes,4,8,9.7,0.77
EMP0225,Male,Product,Yes,2,8,4.2,0.42
EMP0226,Male,Product,Yes,5,10,8.3,0.76
EMP0227,Female,Product,Yes,2,3,0.5,0.15
EMP0228,Male,Product,No,4,2,8.5,0.64
EMP0229,Female,Product,Yes,2,4,6.3,0.41
EMP0230,Female,Service,Yes,0,1,4.9,0.24
EMP0231,Female,Service,No,0,3,8.9,0.59
EMP0232,Male,Service,Yes,3,9,8.5,0.73
EMP0233,Female,Product,No,3,7,3.0,0.5
EMP0234,Male,Service,Yes,4,7,7.9,0.69
EMP0235,Male,Service,Yes,4,1,1.0,0.2
EMP0236,Female,Service,Yes,4,7,8.2,0.69
EMP0237,Male,Service,No,0,10,6.8,0.71
EMP0238,Male,Service,No,2,7,0.9,0.43
EMP0239,Female,Service,Yes,5,4,6.8,0.59
EMP0240,Male,Product,Yes,4,7,5.8,0.53
EMP0241,Female,Product,No,4,8,5.9,0.69
EMP0242,Female,Product,Yes,0,3,2.9,0.13
EMP0243,Female,Product,Yes,5,10,2.7,0.54
EMP0244,Male,Product,No,0,2,7.6,0.46
EMP0245,Male,Service,No,5,7,2.6,0.64
EMP0246,Female,Service,Yes,0,5,4.5,0.31
EMP0247,Male,Service,No,2,5,6.9,0.65
EMP0248,Female,Product,No,4,5,0.8,0.4
EMP0249,Female,Service,Yes,1,7,5.9,0.51
EMP0250,Female,Service,Yes,1,9,5.9,0.58
EMP0251,Male,Product,Yes,4,8,6.8,0.6
EMP0252,Male,Service,No,4,6,3.7,0.6
EMP0253,Female,Product,No,4,7,4.5,0.64
EMP0254,Male,Product,Yes,4,9,3.3,0.53
EMP0255,Male,Service,No,5,6,8.1,0.83
EMP0256,Female,Product,Yes,2,1,1.3,0.1
EMP0257,Female,Service,Yes,1,4,9.6,0.58
EMP0258,Female,Service,Yes,3,8,6.3,0.65
EMP0259,Female,Service,Yes,1,7,8.9,0.63
EMP0260,Male,Product,No,1,3,4.3,0.34
EMP0261,Female,Product,Yes,0,10,3.3,0.37
EMP0262,Female,Product,No,4,3,9.0,0.74
EMP0263,Male,Service,Yes,4,3,1.0,0.25
EMP0264,Male,Product,Yes,4,1,1.2,0.16
EMP0265,Female,Product,No,0,10,3.0,0.53
EMP0266,Female,Service,Yes,2,1,9.6,0.49
EMP0267,Female,Service,Yes,2,6,6.3,0.47
EMP0268,Female,Product,Yes,3,1,5.5,0.26
EMP0269,Male,Service,No,2,5,7.1,0.63
EMP0270,Male,Service,Yes,2,4,4.2,0.33
EMP0271,Female,Product,Yes,4,5,7.6,0.58
EMP0272,Female,Product,Yes,5,7,3.9,0.5
EMP0273,Female,Service,Yes,1,6,8.3,0.53
EMP0274,Female,Service,No,2,9,2.7,0.55
EMP0275,Male,Service,Yes,2,6,2.8,0.39
EMP0276,Male,Product,Yes,0,9,5.2,0.43
EMP0277,Female,Product,Yes,3,4,4.3,0.37
EMP0278,Female,Product,Yes,5,1,6.5,0.44
EMP0279,Female,Product,No,0,1,3.6,0.21
EMP0280,Female,Product,Yes,4,10,2.3,0.5
EMP0281,Female,Product,No,1,7,4.7,0.52
EMP0282,Male,Service,Yes,3,3,5.6,0.4
EMP0283,Male,Service,Yes,0,2,1.4,0.08
EMP0284,Male,Service,No,2,6,5.6,0.66
EMP0285,Female,Service,Yes,2,6,3.2,0.37
EMP0286,Male,Product,No,3,7,3.9,0.55
EMP0287,Male,Service,No,2,5,2.8,0.46
EMP0288,Male,Product,Yes,0,8,9.3,0.58
EMP0289,Male,Service,Yes,0,7,6.8,0.49
EMP0290,Female,Service,No,2,2,2.6,0.38
EMP0291,Male,Service,Yes,2,1,6.5,0.39
EMP0292,Male,Service,Yes,4,9,8.5,0.78
EMP0293,Female,Service,Yes,1,5,4.0,0.33
EMP0294,Male,Product,Yes,3,5,8.3,0.54
EMP0295,Male,Product,No,0,10,1.5,0.39
EMP0296,Male,Service,Yes,3,4,8.2,0.57
EMP0297,Female,Product,Yes,4,2,5.4,0.34
EMP0298,Male,Service,No,0,5,2.2,0.36
EMP0299,Female,Service,Yes,4,2,4.1,0.38
EMP0300,Male,Product,Yes,4,7,9.9,0.74
EMP0301,Male,Service,No,5,9,7.8,0.89
EMP0302,Male,Service,Yes,2,9,5.8,0.57
EMP0303,Male,Service,No,5,6,1.2,0.56
EMP0304,Female,Service,No,3,1,4.2,0.41
EMP0305,Female,Service,Yes,3,6,2.6,0.43
EMP0306,Female,Service,Yes,2,5,0.7,0.23
EMP0307,Male,Service,Yes,5,4,5.4,0.51
EMP0308,Male,Product,Yes,3,6,8.9,0.62
EMP0309,Female,Service,No,5,6,6.8,0.78
EMP0310,Male,Service,No,2,6,2.5,0.51
EMP0311,Male,Product,Yes,0,2,5.7,0.2
EMP0312,Male,Service,No,4,7,9.4,0.89
EMP0313,Male,Service,No,4,4,7.2,0.69
EMP0314,Female,Product,No,5,9,6.9,0.79
EMP0315,Female,Service,Yes,3,10,9.7,0.86
EMP0316,Female,Service,Yes,5,2,8.0,0.58
EMP0317,Male,Service,Yes,5,5,1.4,0.39
EMP0318,Male,Product,No,1,4,3.5,0.37
EMP0319,Male,Product,Yes,4,9,9.7,0.74
EMP0320,Male,Product,Yes,2,4,4.9,0.31
EMP0321,Male,Service,Yes,5,8,1.1,0.46
EMP0322,Female,Product,Yes,1,8,4.6,0.41
EMP0323,Female,Service,Yes,1,6,7.0,0.54
EMP0324,Male,Product,No,4,6,10.0,0.8
EMP0325,Female,Product,Yes,4,8,3.2,0.44
EMP0326,Female,Service,Yes,4,10,5.1,0.67
EMP0327,Female,Service,Yes,2,9,8.8,0.72
EMP0328,Female,Product,Yes,1,5,3.6,0.24
EMP0329,Male,Product,Yes,3,1,1.1,0.1
EMP0330,Male,Product,Yes,2,1,9.5,0.44
EMP0331,Male,Service,Yes,0,2,4.9,0.26
EMP0332,Female,Service,Yes,5,10,5.0,0.7
EMP0333,Male,Product,Yes,4,10,6.2,0.63
EMP0334,Male,Product,Yes,1,5,0.0,0.12
EMP0335,Male,Product,No,5,4,9.3,0.78
EMP0336,Male,Service,No,2,1,3.6,0.32
EMP0337,Female,Service,Yes,0,4,4.0,0.28
EMP0338,Female,Product,Yes,2,4,1.7,0.17
EMP0339,Male,Service,No,2,10,3.8,0.66
EMP0340,Male,Product,Yes,3,4,8.0,0.48
EMP0341,Male,Product,No,5,1,8.0,0.61
EMP0342,Male,Service,No,3,9,9.4,0.94
EMP0343,Male,Service,Yes,2,3,4.0,0.31
EMP0344,Male,Service,Yes,0,4,7.1,0.4
EMP0345,Male,Service,No,1,5,5.1,0.51
EMP0346,Female,Product,Yes,1,7,8.0,0.53
EMP0347,Female,Service,Yes,5,6,7.1,0.65
EMP0348,Male,Product,Yes,4,5,3.7,0.38
EMP0349,Male,Service,Yes,4,8,3.4,0.52
EMP0350,Female,Product,No,1,1,2.5,0.22
EMP0351,Male,Service,No,2,7,5.8,0.66
EMP0352,Female,Product,No,2,6,9.6,0.73
EMP0353,Female,Product,Yes,3,5,2.0,0.25
EMP0354,Male,Service,Yes,5,7,1.0,0.44
EMP0355,Male,Product,Yes,3,3,1.2,0.24
EMP0356,Female,Service,Yes,4,1,7.8,0.53
EMP0357,Male,Product,Yes,1,9,3.5,0.38
EMP0358,Female,Product,No,2,2,2.2,0.28
EMP0359,Female,Product,No,1,10,3.5,0.55
EMP0360,Female,Product,Yes,0,3,6.5,0.31
EMP0361,Male,Service,No,1,8,5.5,0.62
EMP0362,Female,Product,Yes,0,10,7.4,0.55
EMP0363,Male,Service,Yes,3,9,3.4,0.51
EMP0364,Male,Service,No,3,3,4.5,0.53
EMP0365,Female,Product,Yes,4,6,1.0,0.31
EMP0366,Male,Service,No,1,7,0.7,0.4
EMP0367,Female,Service,No,1,1,4.6,0.4
EMP0368,Female,Service,Yes,0,7,3.0,0.36
EMP0369,Male,Product,No,3,4,6.1,0.57
EMP0370,Male,Product,Yes,0,5,0.4,0.12
EMP0371,Male,Service,Yes,3,8,1.2,0.43
EMP0372,Male,Service,Yes,0,4,8.7,0.47
EMP0373,Male,Service,Yes,3,4,5.7,0.46
EMP0374,Female,Product,No,0,8,7.1,0.62
EMP0375,Male,Service,Yes,3,5,8.4,0.6
EMP0376,Male,Service,No,5,6,4.6,0.67
EMP0377,Female,Service,Yes,0,5,7.6,0.47
EMP0378,Male,Product,Yes,1,1,5.2,0.21
EMP0379,Female,Service,No,4,7,2.2,0.57
EMP0380,Male,Product,Yes,5,6,3.4,0.42
EMP0381,Male,Product,Yes,5,2,4.9,0.38
EMP0382,Female,Service,Yes,0,7,3.2,0.34
EMP0383,Female,Product,Yes,4,6,3.4,0.44
EMP0384,Female,Product,Yes,1,5,3.4,0.26
EMP0385,Female,Product,No,5,8,1.2,0.52
EMP0386,Female,Service,Yes,1,5,0.8,0.23
EMP0387,Male,Service,Yes,3,2,0.5,0.12
EMP0388,Male,Product,No,4,6,1.1,0.42
EMP0389,Female,Service,Yes,2,1,3.4,0.23
EMP0390,Female,Service,No,3,5,5.9,0.64
EMP0391,Female,Product,Yes,4,6,1.9,0.36
EMP0392,Male,Service,Yes,0,7,8.9,0.62
EMP0393,Male,Service,No,0,2,8.1,0.53
EMP0394,Female,Service,Yes,1,1,5.2,0.25
EMP0395,Male,Product,No,5,6,7.2,0.72
EMP0396,Female,Service,Yes,2,3,3.7,0.31
EMP0397,Female,Service,Yes,0,5,0.4,0.17
EMP0398,Male,Product,Yes,4,2,9.0,0.53
EMP0399,Female,Product,Yes,5,1,1.3,0.19
EMP0400,Female,Product,No,5,1,9.5,0.65
EMP0401,Male,Product,Yes,4,4,5.7,0.43
EMP0402,Female,Service,No,5,10,3.1,0.72
EMP0403,Male,Product,No,0,2,5.0,0.36
EMP0404,Female,Product,Yes,4,1,5.0,0.31
EMP0405,Male,Service,Yes,4,6,0.2,0.33
EMP0406,Female,Product,No,1,4,3.6,0.38
EMP0407,Male,Service,No,2,10,7.4,0.82
EMP0408,Male,Product,Yes,1,7,5.1,0.38
EMP0409,Female,Product,Yes,2,6,2.4,0.31
EMP0410,Male,Product,Yes,4,5,3.4,0.38
EMP0411,Male,Product,No,5,10,8.6,0.87
EMP0412,Female,Product,Yes,2,2,5.3,0.31
EMP0413,Female,Service,No,4,5,5.3,0.66
EMP0414,Female,Service,Yes,4,9,9.6,0.83
EMP0415,Female,Product,Yes,1,9,3.2,0.41
EMP0416,Male,Service,Yes,1,2,4.8,0.31
EMP0417,Male,Service,Yes,5,7,8.1,0.76
EMP0418,Male,Service,Yes,3,10,7.6,0.75
EMP0419,Female,Product,Yes,0,4,2.7,0.18
EMP0420,Female,Product,Yes,3,3,1.5,0.16
EMP0421,Female,Product,Yes,3,1,7.0,0.34
EMP0422,Female,Service,Yes,5,3,2.6,0.39
EMP0423,Male,Service,No,2,9,9.2,0.88
EMP0424,Male,Product,Yes,5,9,1.3,0.43
EMP0425,Male,Product,Yes,5,7,3.2,0.44
EMP0426,Male,Service,Yes,4,3,0.5,0.25
EMP0427,Male,Service,No,4,3,7.0,0.63
EMP0428,Female,Service,Yes,4,4,8.9,0.64
EMP0429,Male,Service,No,0,7,6.4,0.6
EMP0430,Male,Product,No,2,7,9.4,0.74
EMP0431,Male,Service,No,2,2,1.3,0.34
EMP0432,Female,Service,Yes,4,5,0.9,0.32
EMP0433,Female,Product,No,3,7,8.4,0.74
EMP0434,Male,Service,Yes,0,7,8.6,0.55
EMP0435,Male,Service,Yes,3,6,8.3,0.66
EMP0436,Female,Product,No,1,10,8.0,0.74
EMP0437,Male,Service,Yes,2,10,3.6,0.55
EMP0438,Female,Service,No,2,8,2.2,0.48
EMP0439,Female,Service,Yes,3,3,9.3,0.59
EMP0440,Male,Product,No,0,1,3.1,0.22
EMP0441,Male,Product,Yes,2,3,4.0,0.28
EMP0442,Female,Service,Yes,3,2,7.0,0.45
EMP0443,Male,Product,Yes,5,2,2.9,0.31
EMP0444,Male,Service,No,5,2,8.2,0.7
EMP0445,Female,Service,Yes,0,5,0.7,0.17
EMP0446,Female,Product,Yes,3,1,7.9,0.43
EMP0447,Female,Service,Yes,5,10,6.0,0.72
EMP0448,Female,Service,No,0,4,5.7,0.49
EMP0449,Male,Product,Yes,4,10,4.6,0.59
EMP0450,Male,Service,Yes,0,5,2.8,0.26
EMP0451,Female,Service,Yes,1,2,4.6,0.27
EMP0452,Female,Service,Yes,4,5,4.5,0.45
EMP0453,Male,Service,Yes,3,10,5.8,0.66
EMP0454,Female,Service,Yes,4,4,2.8,0.37
EMP0455,Male,Service,No,4,8,0.8,0.55
EMP0456,Male,Service,Yes,3,1,1.5,0.2
EMP0457,Male,Service,Yes,3,5,7.0,0.57
EMP0458,Male,Service,Yes,5,10,0.2,0.51
EMP0459,Male,Product,No,1,1,8.6,0.55
EMP0460,Male,Service,No,3,10,6.9,0.84
EMP0461,Male,Product,No,2,10,7.7,0.75
EMP0462,Female,Product,Yes,2,4,8.4,0.5
EMP0463,Female,Product,Yes,1,8,1.2,0.29
EMP0464,Female,Service,Yes,0,1,8.2,0.38
EMP0465,Female,Service,Yes,0,2,5.0,0.23
EMP0466,Male,Service,Yes,2,1,8.9,0.49
EMP0467,Male,Service,No,3,7,8.9,0.81
EMP0468,Female,Service,No,1,2,0.2,0.19
EMP0469,Male,Service,No,0,1,3.8,0.31
EMP0470,Female,Service,Yes,0,6,5.3,0.37
EMP0471,Male,Product,No,4,6,6.8,0.69
EMP0472,Female,Product,Yes,2,10,2.9,0.45
EMP0473,Male,Service,Yes,3,2,2.5,0.27
EMP0474,Female,Service,No,1,1,3.8,0.33
EMP0475,Male,Product,Yes,0,10,5.0,0.45
EMP0476,Female,Product,Yes,4,3,9.5,0.56
EMP0477,Male,Service,Yes,2,10,7.6,0.7
EMP0478,Female,Product,No,2,5,4.3,0.41
EMP0479,Female,Service,No,1,6,0.5,0.36
EMP0480,Male,Service,Yes,0,3,1.7,0.16
EMP0481,Female,Product,No,1,9,4.6,0.58
EMP0482,Female,Product,Yes,1,5,8.1,0.47
EMP0483,Male,Service,Yes,5,2,3.8,0.42
EMP0484,Female,Service,No,4,10,5.4,0.81
EMP0485,Female,Service,No,2,6,8.9,0.77
EMP0486,Female,Service,No,5,8,9.1,0.98
EMP0487,Male,Product,Yes,3,6,2.2,0.32
EMP0488,Male,Service,No,2,4,0.4,0.33
EMP0489,Female,Service,No,2,6,3.1,0.53
EMP0490,Female,Service,No,4,8,7.0,0.8
EMP0491,Male,Product,Yes,3,8,9.5,0.69
EMP0492,Female,Service,No,0,10,0.8,0.46
EMP0493,Male,Service,Yes,3,2,0.3,0.17
EMP0494,Male,Product,Yes,0,8,8.8,0.55
EMP0495,Male,Product,Yes,3,6,7.5,0.56
EMP0496,Male,Service,Yes,1,2,9.9,0.48
EMP0497,Female,Product,Yes,3,1,4.0,0.28
EMP0498,Male,Product,No,5,6,4.2,0.61
EMP0499,Female,Product,Yes,5,7,1.7,0.39
EMP0500,Female,Service,No,4,10,1.2,0.65
EMP0501,Female,Service,Yes,0,5,5.8,0.39
EMP0502,Male,Service,Yes,2,10,3.6,0.53
EMP0503,Male,Product,Yes,4,8,0.8,0.35
EMP0504,Female,Service,Yes,5,9,8.9,0.86
EMP0505,Female,Service,Yes,5,4,2.0,0.38
EMP0506,Male,Service,Yes,0,7,7.5,0.52
EMP0507,Female,Service,Yes,5,8,2.8,0.56
EMP0508,Female,Product,Yes,5,6,8.1,0.67
EMP0509,Female,Service,Yes,0,2,1.2,0.13
EMP0510,Female,Product,Yes,5,7,7.6,0.67
EMP0511,Female,Service,Yes,2,9,1.0,0.4
EMP0512,Male,Product,No,1,5,4.5,0.43
EMP0513,Female,Product,No,4,2,7.3,0.59
EMP0514,Female,Product,No,2,4,1.7,0.33
EMP0515,Male,Service,Yes,2,3,2.9,0.29
EMP0516,Male,Product,No,1,4,8.6,0.55
EMP0517,Male,Service,No,4,10,8.9,0.94
EMP0518,Female,Product,No,2,7,0.4,0.36
EMP0519,Female,Product,Yes,5,10,1.7,0.5
EMP0520,Male,Service,No,1,8,1.2,0.49
EMP0521,Female,Product,No,4,1,1.8,0.32
EMP0522,Male,Product,Yes,3,8,9.7,0.69
EMP0523,Female,Service,No,0,5,5.5,0.49
EMP0524,Female,Product,Yes,5,7,4.7,0.56
EMP0525,Female,Product,Yes,1,1,9.8,0.41
EMP0526,Male,Product,Yes,0,2,5.6,0.25
EMP0527,Male,Service,No,3,1,6.6,0.54
EMP0528,Male,Service,Yes,2,5,3.3,0.36
EMP0529,Male,Service,Yes,2,6,3.8,0.4
EMP0530,Female,Service,Yes,4,10,5.9,0.64
EMP0531,Female,Product,Yes,1,9,0.7,0.28
EMP0532,Female,Product,Yes,1,8,2.6,0.3
EMP0533,Female,Service,No,4,7,2.0,0.54
EMP0534,Female,Product,No,0,5,0.2,0.22
EMP0535,Female,Product,Yes,2,3,5.4,0.34
EMP0536,Female,Product,Yes,2,9,5.6,0.49
EMP0537,Female,Product,Yes,1,5,3.8,0.3
EMP0538,Male,Service,No,1,3,2.7,0.34
EMP0539,Male,Product,Yes,4,3,6.5,0.46
EMP0540,Male,Service,Yes,3,3,1.3,0.26
EMP0541,Female,Product,Yes,0,6,5.2,0.33
EMP0542,Female,Service,No,5,1,7.7,0.66
EMP0543,Male,Product,No,3,4,1.6,0.35
EMP0544,Female,Product,No,3,8,7.5,0.74
EMP0545,Female,Service,No,1,3,7.6,0.57
EMP0546,Male,Service,Yes,1,5,0.6,0.19
EMP0547,Male,Product,Yes,1,2,0.2,0.01
EMP0548,Female,Product,Yes,3,2,9.7,0.54
EMP0549,Male,Product,Yes,0,7,1.9,0.23
EMP0550,Female,Product,Yes,1,10,8.2,0.64
EMP0551,Male,Product,Yes,2,3,5.6,0.32
EMP0552,Female,Service,Yes,0,5,2.6,0.24
EMP0553,Female,Product,No,2,3,1.3,0.25
EMP0554,Female,Product,No,0,6,5.0,0.45
EMP0555,Female,Service,No,1,10,4.1,0.64
EMP0556,Male,Service,No,5,3,7.0,0.68
EMP0557,Male,Service,Yes,4,8,9.0,0.8
EMP0558,Male,Product,No,1,2,8.1,0.49
EMP0559,Female,Product,Yes,3,3,2.7,0.25
EMP0560,Female,Service,No,5,8,8.8,0.91
EMP0561,Female,Product,Yes,3,8,8.3,0.63
EMP0562,Male,Product,No,0,1,9.3,0.48
EMP0563,Male,Service,Yes,3,8,4.6,0.53
EMP0564,Male,Service,Yes,5,10,7.7,0.81
EMP0565,Male,Service,No,5,2,5.9,0.62
EMP0566,Female,Product,Yes,1,7,3.1,0.33
EMP0567,Male,Product,No,2,6,9.9,0.72
EMP0568,Male,Service,No,1,2,0.4,0.23
EMP0569,Female,Product,No,0,5,1.6,0.27
EMP0570,Male,Service,No,3,7,8.9,0.79
EMP0571,Male,Service,No,2,8,0.6,0.44
EMP0572,Female,Service,Yes,4,3,8.9,0.62
EMP0573,Male,Product,No,5,1,7.2,0.55
EMP0574,Female,Product,No,2,7,0.4,0.36
EMP0575,Female,Service,No,2,5,4.3,0.49
EMP0576,Female,Service,Yes,1,5,7.5,0.5
EMP0577,Male,Service,No,4,7,5.8,0.69
EMP0578,Female,Product,No,5,1,9.4,0.66
EMP0579,Male,Product,No,0,8,8.7,0.66
EMP0580,Male,Service,Yes,0,10,3.3,0.44
EMP0581,Male,Service,Yes,2,5,0.8,0.25
EMP0582,Female,Service,Yes,2,8,9.4,0.69
EMP0583,Male,Product,No,3,10,5.2,0.67
EMP0584,Male,Service,No,4,10,0.7,0.57
EMP0585,Female,Service,Yes,5,5,8.2,0.68
EMP0586,Male,Service,Yes,2,7,8.7,0.66
EMP0587,Male,Product,Yes,3,10,6.4,0.63
EMP0588,Male,Product,Yes,4,3,4.5,0.35
EMP0589,Male,Service,No,5,2,6.6,0.61
EMP0590,Male,Product,No,0,6,7.1,0.54
EMP0591,Male,Service,Yes,3,5,8.9,0.64
EMP0592,Female,Service,Yes,4,9,9.6,0.81
EMP0593,Male,Product,Yes,3,10,5.1,0.55
EMP0594,Male,Service,No,2,4,8.0,0.66
EMP0595,Female,Product,Yes,1,3,9.6,0.47
EMP0596,Male,Service,Yes,0,9,1.5,0.35
EMP0597,Female,Service,Yes,2,8,0.2,0.35
EMP0598,Male,Product,No,2,6,8.7,0.66
EMP0599,Male,Product,No,4,1,2.0,0.31
EMP0600,Male,Product,No,3,10,0.4,0.49
EMP0601,Male,Product,Yes,0,1,1.6,0.03
EMP0602,Male,Service,Yes,2,6,3.8,0.43
EMP0603,Male,Service,Yes,4,3,2.2,0.34
EMP0604,Male,Product,No,0,3,3.1,0.3
EMP0605,Male,Product,Yes,3,6,9.8,0.65
EMP0606,Male,Product,Yes,2,3,7.0,0.38
EMP0607,Male,Service,No,5,10,7.1,0.95
EMP0608,Male,Product,No,2,6,0.9,0.35
EMP0609,Male,Service,Yes,2,5,7.3,0.53
EMP0610,Female,Service,Yes,0,4,7.4,0.41
EMP0611,Male,Service,Yes,0,8,6.6,0.52
EMP0612,Female,Product,No,0,2,2.3,0.23
EMP0613,Female,Service,No,0,7,4.2,0.5
EMP0614,Male,Product,Yes,4,4,8.5,0.56
EMP0615,Female,Product,Yes,1,2,6.7,0.32
EMP0616,Female,Service,No,4,7,7.3,0.8
EMP0617,Male,Service,No,2,1,5.9,0.47
EMP0618,Male,Product,Yes,4,4,4.5,0.38
EMP0619,Female,Product,Yes,3,9,7.6,0.63
EMP0620,Female,Product,Yes,5,4,0.7,0.24
EMP0621,Male,Product,Yes,0,3,6.7,0.29
EMP0622,Male,Product,No,3,10,10.0,0.89
EMP0623,Male,Product,No,5,10,7.8,0.85
EMP0624,Male,Service,No,3,2,2.9,0.43
EMP0625,Female,Service,Yes,2,3,2.8,0.28
EMP0626,Male,Service,No,0,1,6.7,0.43
EMP0627,Male,Service,Yes,3,10,9.0,0.82
EMP0628,Female,Product,Yes,2,8,5.8,0.51
EMP0629,Male,Service,Yes,0,1,5.3,0.23
EMP0630,Male,Service,Yes,1,3,1.6,0.21
EMP0631,Female,Service,No,2,3,7.2,0.61
EMP0632,Female,Service,Yes,4,2,7.0,0.48
EMP0633,Male,Service,Yes,0,5,9.7,0.58
EMP0634,Male,Service,Yes,3,10,3.0,0.53
EMP0635,Male,Product,Yes,5,3,7.6,0.55
EMP0636,Male,Service,Yes,3,3,4.3,0.37
EMP0637,Male,Service,Yes,4,8,5.6,0.61
EMP0638,Male,Service,No,4,4,8.2,0.73
EMP0639,Male,Service,Yes,3,4,2.2,0.3
EMP0640,Male,Product,Yes,5,3,3.4,0.32
EMP0641,Male,Product,Yes,0,1,7.7,0.24
EMP0642,Male,Service,No,2,8,5.7,0.66
EMP0643,Male,Service,Yes,4,1,0.9,0.25
EMP0644,Male,Service,Yes,4,7,4.3,0.55
EMP0645,Male,Product,Yes,4,5,5.9,0.52
EMP0646,Female,Product,Yes,5,4,9.1,0.62
EMP0647,Female,Service,Yes,1,4,1.9,0.22
EMP0648,Female,Service,No,5,8,8.1,0.92
EMP0649,Female,Service,No,0,6,1.3,0.36
EMP0650,Male,Service,Yes,0,1,2.4,0.1
EMP0651,Male,Service,No,0,10,2.4,0.53
EMP0652,Male,Product,No,0,8,8.8,0.7
EMP0653,Female,Service,Yes,0,2,2.0,0.11
EMP0654,Female,Product,Yes,3,6,7.9,0.57
EMP0655,Male,Product,Yes,4,9,4.6,0.52
EMP0656,Male,Service,Yes,5,1,10.0,0.66
EMP0657,Male,Service,No,3,6,8.4,0.77
EMP0658,Male,Product,No,5,8,7.4,0.81
EMP0659,Female,Service,No,1,10,8.7,0.83
EMP0660,Female,Product,No,2,2,6.3,0.42
EMP0661,Male,Product,Yes,4,5,8.4,0.58
EMP0662,Female,Product,Yes,1,6,2.6,0.28
EMP0663,Female,Product,No,3,5,1.0,0.39
EMP0664,Male,Service,Yes,2,3,6.2,0.43
EMP0665,Male,Product,No,1,4,4.3,0.38
EMP0666,Male,Service,No,5,7,4.3,0.71
EMP0667,Male,Service,No,2,4,5.3,0.55
EMP0668,Male,Product,No,5,9,3.6,0.67
EMP0669,Male,Service,Yes,1,10,6.3,0.61
EMP0670,Male,Product,No,3,2,0.3,0.24
EMP0671,Male,Service,No,5,5,9.7,0.87
EMP0672,Female,Product,Yes,2,8,9.2,0.65
EMP0673,Male,Product,No,1,5,9.4,0.68
EMP0674,Male,Product,Yes,5,10,3.7,0.54
EMP0675,Male,Product,No,3,8,5.3,0.63
EMP0676,Female,Product,Yes,4,8,9.5,0.71
EMP0677,Male,Service,Yes,3,9,9.0,0.79
EMP0678,Male,Service,Yes,3,10,7.9,0.75
EMP0679,Female,Service,No,4,6,4.1,0.63
EMP0680,Female,Service,Yes,3,4,5.6,0.49
EMP0681,Female,Product,Yes,4,3,7.9,0.49
EMP0682,Male,Product,Yes,4,5,2.7,0.34
EMP0683,Male,Product,No,5,6,6.3,0.72
EMP0684,Female,Product,Yes,5,3,8.3,0.54
EMP0685,Female,Service,Yes,4,2,7.1,0.49
EMP0686,Female,Service,No,1,7,4.8,0.54
EMP0687,Female,Product,Yes,2,5,5.8,0.43
EMP0688,Male,Product,No,1,9,9.9,0.78
EMP0689,Female,Service,Yes,4,3,6.0,0.49
EMP0690,Male,Service,No,2,8,7.9,0.79
EMP0691,Male,Product,Yes,5,6,7.3,0.6
EMP0692,Male,Service,Yes,2,4,7.0,0.45
EMP0693,Male,Service,No,4,9,7.2,0.84
EMP0694,Male,Product,Yes,5,5,4.5,0.46
EMP0695,Male,Product,No,2,10,4.7,0.63
EMP0696,Female,Service,Yes,2,6,4.7,0.45
EMP0697,Male,Service,Yes,1,9,0.3,0.31
EMP0698,Female,Service,Yes,2,7,2.4,0.37
EMP0699,Male,Product,No,4,5,1.5,0.42
EMP0700,Male,Product,Yes,0,2,8.9,0.36
EMP0701,Male,Service,Yes,0,4,2.7,0.23
EMP0702,Male,Service,Yes,0,2,1.4,0.1
EMP0703,Male,Product,Yes,4,3,1.2,0.22
EMP0704,Male,Service,Yes,0,10,7.0,0.62
EMP0705,Male,Service,No,1,3,0.1,0.27
EMP0706,Female,Service,Yes,4,4,4.7,0.49
EMP0707,Male,Service,No,5,6,1.2,0.53
EMP0708,Female,Service,Yes,4,3,8.5,0.59
EMP0709,Male,Product,No,4,10,9.6,0.9
EMP0710,Female,Service,No,2,1,9.6,0.62
EMP0711,Female,Product,Yes,2,1,4.4,0.22
EMP0712,Female,Service,No,2,9,6.4,0.73
EMP0713,Male,Product,Yes,3,9,6.0,0.56
EMP0714,Male,Service,No,1,5,3.5,0.42
EMP0715,Male,Product,No,4,9,4.4,0.64
EMP0716,Female,Product,Yes,4,7,0.6,0.32
EMP0717,Female,Product,Yes,2,9,8.0,0.62
EMP0718,Female,Product,Yes,4,7,2.4,0.4
EMP0719,Male,Service,Yes,5,9,4.6,0.64
EMP0720,Female,Service,Yes,4,2,4.8,0.4
EMP0721,Female,Service,Yes,0,8,5.6,0.5
EMP0722,Male,Product,Yes,5,7,8.2,0.68
EMP0723,Male,Product,No,5,6,6.9,0.71
EMP0724,Female,Product,Yes,4,5,6.6,0.49
EMP0725,Female,Product,Yes,3,4,5.3,0.4
EMP0726,Female,Service,No,2,7,1.0,0.41
EMP0727,Male,Product,Yes,1,3,4.0,0.21
EMP0728,Female,Product,Yes,1,8,9.6,0.63
EMP0729,Male,Product,Yes,0,2,10.0,0.38
EMP0730,Male,Product,No,1,1,7.3,0.42
EMP0731,Male,Service,No,1,2,2.3,0.31
EMP0732,Female,Service,Yes,2,9,1.0,0.38
EMP0733,Female,Product,No,2,5,4.1,0.44
EMP0734,Male,Product,Yes,3,8,8.6,0.64
EMP0735,Male,Product,No,0,3,7.2,0.47
EMP0736,Female,Product,No,1,7,8.8,0.72
EMP0737,Male,Product,No,3,2,6.2,0.49
EMP0738,Female,Service,Yes,0,8,1.3,0.25
EMP0739,Male,Service,Yes,5,7,1.1,0.45
EMP0740,Male,Service,Yes,1,5,0.5,0.19
EMP0741,Male,Product,No,1,4,5.7,0.44
EMP0742,Male,Product,Yes,2,1,2.4,0.12
EMP0743,Female,Service,No,4,5,7.3,0.71
EMP0744,Male,Service,No,0,9,6.9,0.66
EMP0745,Male,Service,Yes,1,10,3.2,0.47
EMP0746,Female,Product,No,0,4,1.8,0.28
EMP0747,Male,Service,No,3,9,1.0,0.52
EMP0748,Male,Product,No,3,2,7.4,0.57
EMP0749,Female,Service,No,4,4,4.5,0.58
EMP0750,Female,Service,No,1,9,3.2,0.56
EMP0751,Male,Service,Yes,2,4,8.6,0.55
EMP0752,Female,Product,No,1,5,5.9,0.48
EMP0753,Female,Service,Yes,0,8,5.2,0.46
EMP0754,Male,Product,No,5,1,7.4,0.59
EMP0755,Male,Product,No,3,1,8.2,0.5
EMP0756,Female,Product,Yes,0,9,6.9,0.55
EMP0757,Female,Service,No,4,9,4.4,0.69
EMP0758,Male,Product,Yes,3,4,3.8,0.31
EMP0759,Female,Product,Yes,2,2,7.7,0.35
EMP0760,Female,Service,Yes,3,9,5.2,0.6
EMP0761,Male,Product,No,5,4,7.0,0.65
EMP0762,Male,Service,No,1,6,8.9,0.71
EMP0763,Male,Product,No,5,1,9.2,0.67
EMP0764,Female,Product,Yes,5,9,2.8,0.5
EMP0765,Male,Service,No,1,5,1.9,0.39
EMP0766,Female,Product,No,3,3,2.6,0.34
EMP0767,Female,Service,Yes,4,4,7.5,0.58
EMP0768,Female,Service,Yes,1,1,3.7,0.2
EMP0769,Male,Service,Yes,1,9,1.7,0.37
EMP0770,Female,Service,No,2,8,1.0,0.48
EMP0771,Male,Product,No,3,4,3.3,0.42
EMP0772,Female,Product,No,1,2,1.4,0.21
EMP0773,Male,Service,Yes,4,9,1.6,0.46
EMP0774,Male,Service,No,0,4,6.8,0.55
EMP0775,Female,Service,Yes,3,9,0.2,0.4
EMP0776,Male,Service,Yes,2,10,1.2,0.42
EMP0777,Male,Service,No,5,3,8.4,0.75
EMP0778,Female,Service,Yes,1,7,8.4,0.6
EMP0779,Female,Product,No,4,7,3.3,0.58
EMP0780,Female,Service,Yes,3,10,0.9,0.46
EMP0781,Female,Service,No,4,4,7.0,0.7
EMP0782,Male,Product,Yes,4,2,3.6,0.28
EMP0783,Male,Service,Yes,5,9,0.5,0.48
EMP0784,Male,Service,Yes,2,4,1.6,0.28
EMP0785,Male,Service,Yes,3,8,1.4,0.39
EMP0786,Female,Product,No,1,2,5.9,0.38
EMP0787,Female,Product,Yes,2,8,9.0,0.64
EMP0788,Male,Service,No,1,10,7.9,0.77
EMP0789,Male,Service,No,0,5,5.5,0.47
EMP0790,Female,Product,Yes,4,7,4.2,0.49
EMP0791,Male,Product,Yes,0,7,6.2,0.43
EMP0792,Female,Service,No,4,9,4.4,0.7
EMP0793,Male,Product,No,5,3,2.5,0.41
EMP0794,Female,Service,No,2,10,6.8,0.77
EMP0795,Male,Service,Yes,1,4,8.7,0.55
EMP0796,Female,Product,No,5,10,3.7,0.69
EMP0797,Female,Service,Yes,1,4,8.4,0.51
EMP0798,Female,Product,No,2,10,4.3,0.62
EMP0799,Female,Product,No,3,5,4.0,0.49
EMP0800,Female,Service,Yes,0,6,0.3,0.21
EMP0801,Female,Product,Yes,0,3,7.0,0.31
EMP0802,Male,Service,Yes,1,4,8.1,0.5
EMP0803,Female,Service,Yes,1,3,6.6,0.41
EMP0804,Female,Product,No,1,2,1.5,0.21
EMP0805,Male,Product,Yes,2,10,1.0,0.33
EMP0806,Female,Product,Yes,3,9,5.7,0.53
EMP0807,Female,Product,Yes,0,1,4.0,0.1
EMP0808,Female,Product,No,5,2,4.3,0.5
EMP0809,Male,Product,No,4,8,9.7,0.85
EMP0810,Male,Service,Yes,2,7,7.2,0.6
EMP0811,Female,Service,Yes,0,1,4.1,0.2
EMP0812,Female,Service,No,3,5,0.2,0.37
EMP0813,Male,Service,No,2,10,0.3,0.49
EMP0814,Female,Product,Yes,5,6,6.8,0.59
EMP0815,Female,Product,Yes,0,5,8.4,0.44
EMP0816,Male,Service,Yes,2,4,7.1,0.5
EMP0817,Female,Service,Yes,0,1,4.1,0.19
EMP0818,Male,Product,Yes,0,7,0.3,0.14
EMP0819,Male,Service,No,3,9,9.7,0.92
EMP0820,Male,Service,Yes,4,6,9.9,0.77
EMP0821,Female,Service,No,3,3,5.5,0.52
EMP0822,Male,Product,Yes,0,10,0.7,0.25
EMP0823,Male,Service,No,2,4,5.4,0.55
EMP0824,Male,Service,No,5,10,8.9,0.99
EMP0825,Male,Service,Yes,3,5,6.8,0.56
EMP0826,Female,Service,Yes,4,1,7.2,0.47
EMP0827,Male,Service,No,0,5,0.8,0.27
EMP0828,Male,Service,Yes,5,1,1.1,0.28
EMP0829,Female,Product,Yes,3,9,1.3,0.39
EMP0830,Male,Service,Yes,3,7,9.0,0.7
EMP0831,Male,Service,No,3,3,5.3,0.53
EMP0832,Male,Service,Yes,3,9,7.9,0.71
EMP0833,Male,Product,No,5,2,1.2,0.35
EMP0834,Male,Product,Yes,2,7,9.3,0.61
EMP0835,Male,Service,No,4,9,8.2,0.89
EMP0836,Male,Service,Yes,4,6,2.2,0.45
EMP0837,Female,Service,No,0,10,8.7,0.81
EMP0838,Male,Service,Yes,1,5,2.6,0.27
EMP0839,Female,Service,No,2,7,2.1,0.49
EMP0840,Female,Service,No,0,6,2.6,0.4
EMP0841,Male,Service,Yes,0,5,9.1,0.54
EMP0842,Female,Service,Yes,3,2,9.2,0.56
EMP0843,Male,Service,Yes,1,8,3.3,0.47
EMP0844,Female,Product,Yes,1,7,7.1,0.49
EMP0845,Male,Service,No,2,6,6.8,0.66
EMP0846,Male,Service,Yes,1,5,8.1,0.56
EMP0847,Male,Product,Yes,0,5,3.0,0.21
EMP0848,Female,Product,No,1,9,5.1,0.56
EMP0849,Male,Product,Yes,1,1,6.7,0.28
EMP0850,Female,Product,Yes,4,9,0.3,0.38
EMP0851,Male,Product,Yes,0,6,3.8,0.28
EMP0852,Female,Product,No,5,4,7.0,0.68
EMP0853,Male,Service,No,1,10,2.5,0.57
EMP0854,Female,Service,No,1,7,9.6,0.78
EMP0855,Male,Product,Yes,3,9,0.3,0.3
EMP0856,Male,Product,No,1,5,9.6,0.68
EMP0857,Male,Service,Yes,1,5,2.2,0.27
EMP0858,Male,Product,Yes,4,8,0.5,0.32
EMP0859,Female,Service,Yes,0,7,2.9,0.38
EMP0860,Male,Service,Yes,2,8,7.9,0.68
EMP0861,Female,Service,Yes,0,10,7.5,0.61
EMP0862,Male,Product,Yes,3,2,2.1,0.15
EMP0863,Male,Service,Yes,0,9,2.0,0.34
EMP0864,Male,Product,Yes,1,3,6.4,0.36
EMP0865,Male,Service,No,3,6,4.6,0.61
EMP0866,Female,Service,Yes,0,6,7.9,0.49
EMP0867,Male,Product,No,3,2,0.2,0.25
EMP0868,Male,Product,Yes,2,7,6.1,0.48
EMP0869,Female,Product,No,0,9,7.3,0.63
EMP0870,Female,Service,Yes,5,10,9.9,0.9
EMP0871,Male,Product,Yes,1,1,6.8,0.31
EMP0872,Male,Service,Yes,3,8,2.3,0.45
EMP0873,Female,Product,No,5,2,1.1,0.32
EMP0874,Male,Service,No,5,1,6.4,0.61
EMP0875,Male,Service,Yes,4,8,5.2,0.61
EMP0876,Male,Service,Yes,3,2,9.0,0.54
EMP0877,Female,Service,No,5,6,7.3,0.79
EMP0878,Female,Product,No,4,6,5.1,0.59
EMP0879,Male,Product,Yes,5,5,4.0,0.43
EMP0880,Male,Service,Yes,1,8,4.0,0.45
EMP0881,Male,Product,Yes,2,3,2.3,0.19
EMP0882,Female,Product,No,4,10,0.2,0.52
EMP0883,Male,Product,Yes,2,4,5.7,0.36
EMP0884,Male,Product,No,3,7,2.1,0.48
EMP0885,Female,Product,Yes,1,7,2.1,0.29
EMP0886,Male,Service,Yes,4,8,1.3,0.44
EMP0887,Female,Product,Yes,3,2,1.9,0.19
EMP0888,Male,Service,No,5,2,0.3,0.38
EMP0889,Male,Product,No,0,4,6.7,0.45
EMP0890,Male,Service,Yes,3,10,4.0,0.59
EMP0891,Female,Product,No,2,9,5.6,0.6
EMP0892,Female,Service,Yes,1,10,6.4,0.56
EMP0893,Female,Service,Yes,1,9,9.7,0.71
EMP0894,Male,Product,Yes,3,4,0.7,0.2
EMP0895,Female,Service,Yes,5,9,4.2,0.63
EMP0896,Male,Service,Yes,0,3,2.5,0.2
EMP0897,Male,Service,No,2,5,4.8,0.52
EMP0898,Female,Service,Yes,3,10,9.2,0.82
EMP0899,Male,Product,No,3,9,7.2,0.78
EMP0900,Male,Service,Yes,1,6,6.6,0.48
EMP0901,Male,Product,No,2,3,4.4,0.42
EMP0902,Male,Product,Yes,0,10,6.7,0.52
EMP0903,Male,Service,Yes,1,9,0.3,0.32
EMP0904,Female,Product,Yes,3,6,5.9,0.51
EMP0905,Male,Service,Yes,1,4,5.5,0.39
EMP0906,Female,Service,No,1,4,3.5,0.44
EMP0907,Female,Service,Yes,4,8,2.0,0.45
EMP0908,Male,Service,No,1,7,8.1,0.73
EMP0909,Male,Product,Yes,5,1,0.5,0.19
EMP0910,Male,Product,Yes,1,6,0.7,0.16
EMP0911,Female,Product,Yes,5,8,4.4,0.54
EMP0912,Male,Product,No,2,3,2.5,0.34
EMP0913,Female,Product,No,1,9,7.5,0.7
EMP0914,Male,Product,Yes,0,10,6.3,0.48
EMP0915,Female,Service,Yes,5,2,7.7,0.57
EMP0916,Male,Service,Yes,5,6,3.2,0.49
EMP0917,Male,Product,No,3,1,7.4,0.49
EMP0918,Female,Service,No,2,2,8.6,0.64
EMP0919,Female,Product,Yes,1,5,3.5,0.27
EMP0920,Male,Product,Yes,0,1,3.4,0.12
EMP0921,Female,Service,Yes,3,8,9.0,0.71
EMP0922,Male,Service,No,2,1,0.5,0.25
EMP0923,Female,Service,Yes,5,9,3.5,0.62
EMP0924,Female,Product,No,0,10,1.2,0.41
EMP0925,Male,Service,Yes,1,3,0.3,0.12
EMP0926,Male,Service,No,4,2,1.1,0.34
EMP0927,Male,Service,No,4,1,4.3,0.46
EMP0928,Male,Service,No,2,9,6.9,0.75
EMP0929,Female,Service,No,0,4,2.9,0.34
EMP0930,Male,Service,No,3,1,8.5,0.61
EMP0931,Male,Service,Yes,0,1,4.4,0.21
EMP0932,Female,Service,Yes,5,7,9.7,0.81
EMP0933,Female,Service,Yes,4,2,9.5,0.63
EMP0934,Male,Product,No,2,7,7.7,0.66
EMP0935,Male,Service,Yes,1,7,9.3,0.64
EMP0936,Male,Product,No,0,10,7.1,0.66
EMP0937,Male,Product,No,4,9,9.0,0.85
EMP0938,Female,Service,Yes,3,7,2.4,0.41
EMP0939,Male,Service,Yes,2,1,3.5,0.24
EMP0940,Female,Service,Yes,1,8,7.5,0.6
EMP0941,Male,Product,Yes,0,8,4.2,0.35
EMP0942,Female,Service,Yes,3,4,8.4,0.61
EMP0943,Female,Product,Yes,1,8,8.8,0.56
EMP0944,Female,Service,No,5,4,3.0,0.57
EMP0945,Male,Service,No,4,8,8.2,0.85
EMP0946,Male,Service,Yes,5,5,1.5,0.39
EMP0947,Male,Service,Yes,4,4,3.3,0.4
EMP0948,Female,Service,Yes,3,6,5.2,0.52
EMP0949,Female,Service,No,5,2,2.3,0.44
EMP0950,Female,Product,No,4,2,5.8,0.5
EMP0951,Female,Service,Yes,2,2,5.8,0.38
EMP0952,Female,Service,Yes,3,9,2.1,0.44
EMP0953,Male,Service,No,4,10,8.0,0.91
EMP0954,Female,Product,No,0,3,6.3,0.4
EMP0955,Male,Service,Yes,4,10,3.2,0.56
EMP0956,Male,Product,No,5,4,2.3,0.43
EMP0957,Male,Service,Yes,2,10,8.8,0.76
EMP0958,Male,Service,Yes,1,8,8.4,0.64
EMP0959,Male,Service,No,1,4,2.3,0.36
EMP0960,Female,Service,No,4,10,0.4,0.58
EMP0961,Male,Product,Yes,1,10,8.0,0.6
EMP0962,Female,Product,No,4,7,6.2,0.67
EMP0963,Male,Service,Yes,2,5,1.0,0.26
EMP0964,Male,Service,No,1,9,5.9,0.68
EMP0965,Male,Product,Yes,5,4,4.5,0.44
EMP0966,Male,Service,No,5,3,7.7,0.69
EMP0967,Female,Service,No,0,2,2.1,0.27
EMP0968,Male,Service,Yes,4,1,4.5,0.33
EMP0969,Female,Service,No,1,6,1.6,0.41
EMP0970,Male,Product,No,5,10,9.6,0.95
EMP0971,Female,Product,No,2,2,7.8,0.54
EMP0972,Female,Service,Yes,2,8,7.4,0.62
EMP0973,Female,Service,No,0,6,6.9,0.61
EMP0974,Male,Service,No,2,5,4.2,0.5
EMP0975,Male,Service,Yes,2,2,9.2,0.52
EMP0976,Male,Service,No,1,7,0.7,0.36
EMP0977,Female,Service,Yes,4,2,8.0,0.56
EMP0978,Male,Service,Yes,3,5,2.2,0.38
EMP0979,Male,Service,Yes,2,2,3.2,0.25
EMP0980,Female,Product,Yes,2,10,5.2,0.54
EMP0981,Male,Product,No,3,2,7.8,0.57
EMP0982,Female,Service,Yes,2,7,8.4,0.61
EMP0983,Male,Product,No,1,9,5.8,0.6
EMP0984,Male,Service,Yes,1,5,4.0,0.34
EMP0985,Female,Service,Yes,3,7,9.5,0.77
EMP0986,Male,Service,Yes,5,4,2.5,0.42
EMP0987,Female,Product,Yes,2,2,8.0,0.4
EMP0988,Male,Product,No,5,3,6.1,0.6
EMP0989,Male,Product,No,2,2,3.8,0.35
EMP0990,Female,Product,No,4,5,0.0,0.36
EMP0991,Female,Product,Yes,2,6,4.5,0.36
EMP0992,Female,Service,Yes,1,7,2.8,0.39
EMP0993,Male,Service,Yes,0,3,1.0,0.11
EMP0994,Female,Service,Yes,0,4,0.8,0.13
EMP0995,Male,Service,Yes,0,8,3.5,0.4
EMP0996,Male,Product,No,0,4,6.1,0.44
EMP0997,Female,Service,Yes,5,7,8.4,0.75
EMP0998,Male,Service,No,5,6,1.8,0.57
EMP0999,Female,Product,Yes,2,7,4.2,0.38
EMP1000,Male,Service,Yes,5,1,3.9,0.41
EMP1001,Male,Product,No,2,3,5.1,0.43
EMP1002,Male,Service,Yes,4,6,8.1,0.67
EMP1003,Female,Service,No,2,3,5.5,0.55
EMP1004,Female,Product,No,0,7,8.5,0.62
EMP1005,Female,Service,Yes,3,9,5.2,0.62
EMP1006,Female,Service,No,3,3,6.0,0.57
EMP1007,Female,Service,Yes,1,1,4.4,0.23
EMP1008,Female,Service,Yes,1,10,8.2,0.68
EMP1009,Male,Service,No,2,6,9.2,0.78
EMP1010,Male,Product,Yes,3,1,6.4,0.36
EMP1011,Male,Product,No,0,1,8.2,0.44
EMP1012,Female,Product,No,5,8,0.6,0.48
EMP1013,Female,Service,No,0,9,9.1,0.79
EMP1014,Male,Service,Yes,0,2,1.9,0.13
EMP1015,Female,Service,Yes,2,9,2.6,0.43
EMP1016,Female,Service,No,2,5,0.5,0.37
EMP1017,Male,Product,Yes,4,8,9.7,0.76
EMP1018,Female,Product,Yes,0,7,8.5,0.51
EMP1019,Female,Product,Yes,0,7,9.1,0.55
EMP1020,Male,Product,Yes,2,4,8.5,0.5
EMP1021,Female,Product,Yes,2,2,4.8,0.28
EMP1022,Male,Service,No,4,5,9.2,0.8
EMP1023,Female,Product,No,4,3,9.7,0.72
EMP1024,Female,Product,Yes,1,9,5.0,0.47
EMP1025,Female,Product,Yes,3,6,1.8,0.31
EMP1026,Male,Product,Yes,0,1,6.6,0.24
EMP1027,Female,Service,No,0,3,9.8,0.64
EMP1028,Female,Service,Yes,4,4,8.7,0.64
EMP1029,Male,Service,No,4,9,8.6,0.89
EMP1030,Female,Product,Yes,1,6,9.3,0.54
EMP1031,Male,Product,No,3,4,8.9,0.66
EMP1032,Female,Service,Yes,1,1,7.8,0.36
EMP1033,Male,Product,No,3,8,7.2,0.74
EMP1034,Male,Product,Yes,5,2,2.6,0.34
EMP1035,Male,Product,No,0,8,6.2,0.59
EMP1036,Female,Product,Yes,1,6,5.2,0.38
EMP1037,Male,Product,No,4,8,8.6,0.81
EMP1038,Female,Product,No,1,6,4.9,0.47
EMP1039,Male,Service,Yes,5,5,1.3,0.39
EMP1040,Male,Product,No,1,5,0.0,0.26
EMP1041,Male,Product,Yes,0,10,6.8,0.52
EMP1042,Female,Service,Yes,5,10,5.5,0.77
EMP1043,Male,Product,Yes,4,8,3.3,0.44
EMP1044,Female,Product,Yes,4,7,1.7,0.37
EMP1045,Female,Service,No,2,8,4.7,0.64
EMP1046,Female,Product,No,5,8,1.0,0.52
EMP1047,Male,Product,Yes,2,7,3.4,0.35
EMP1048,Male,Service,Yes,2,2,3.8,0.29
EMP1049,Female,Product,No,0,9,4.7,0.52
EMP1050,Male,Service,No,1,7,4.7,0.59
EMP1051,Female,Service,Yes,4,6,2.6,0.46
EMP1052,Male,Product,No,4,9,8.5,0.83
EMP1053,Female,Service,Yes,1,1,3.6,0.18
EMP1054,Female,Service,Yes,4,2,2.3,0.3
EMP1055,Female,Product,No,1,1,1.8,0.2
EMP1056,Male,Service,Yes,5,10,3.2,0.62
EMP1057,Female,Product,Yes,0,3,0.7,0.06
EMP1058,Male,Service,Yes,0,5,0.3,0.18
EMP1059,Male,Product,No,0,1,6.1,0.36
EMP1060,Female,Service,No,1,4,6.2,0.55
EMP1061,Female,Product,Yes,1,8,5.3,0.45
EMP1062,Female,Service,Yes,3,6,7.6,0.62
EMP1063,Female,Product,Yes,4,1,0.4,0.1
EMP1064,Male,Product,Yes,4,1,9.4,0.54
EMP1065,Male,Service,Yes,3,3,1.0,0.24
EMP1066,Female,Service,No,3,10,6.7,0.8
EMP1067,Male,Service,Yes,0,8,1.3,0.27
EMP1068,Male,Service,Yes,3,8,8.8,0.71
EMP1069,Male,Service,Yes,1,3,5.1,0.31
EMP1070,Male,Service,Yes,2,7,0.8,0.32
EMP1071,Male,Product,No,1,3,6.2,0.44
EMP1072,Male,Service,Yes,3,4,0.1,0.24
EMP1073,Male,Service,Yes,4,9,7.8,0.77
EMP1074,Male,Service,Yes,1,4,6.5,0.45
EMP1075,Female,Service,Yes,4,3,2.1,0.33
EMP1076,Male,Product,Yes,1,5,3.7,0.28
EMP1077,Male,Product,Yes,4,7,0.1,0.29
EMP1078,Female,Service,Yes,5,5,6.9,0.62
EMP1079,Male,Service,Yes,1,4,3.2,0.3
EMP1080,Female,Service,Yes,4,8,5.7,0.61
EMP1081,Female,Service,Yes,2,4,9.6,0.6
EMP1082,Male,Service,No,0,2,3.0,0.29
EMP1083,Male,Product,Yes,1,10,9.9,0.72
EMP1084,Female,Service,Yes,2,6,6.3,0.53
EMP1085,Female,Product,Yes,0,2,2.4,0.13
EMP1086,Male,Product,Yes,1,3,4.4,0.23
EMP1087,Female,Service,No,2,1,7.4,0.52
EMP1088,Male,Service,Yes,2,5,4.5,0.41
EMP1089,Female,Product,No,5,9,0.7,0.53
EMP1090,Male,Product,Yes,2,2,1.7,0.15
EMP1091,Female,Service,Yes,5,7,7.9,0.73
EMP1092,Female,Product,No,3,5,6.5,0.59
EMP1093,Female,Service,Yes,4,2,5.7,0.46
EMP1094,Male,Service,Yes,0,8,1.7,0.27
EMP1095,Male,Service,Yes,4,6,8.4,0.69
EMP1096,Male,Service,No,4,4,9.6,0.79
EMP1097,Male,Product,Yes,5,4,0.4,0.27
EMP1098,Male,Service,No,4,2,0.8,0.37
EMP1099,Female,Product,Yes,2,3,8.8,0.43
EMP1100,Male,Service,No,5,7,8.2,0.86
EMP1101,Male,Product,Yes,4,3,6.2,0.44
EMP1102,Female,Service,No,5,5,9.4,0.81
EMP1103,Female,Product,Yes,3,10,6.5,0.63
EMP1104,Female,Product,No,5,6,2.2,0.5
EMP1105,Female,Product,Yes,1,6,7.3,0.44
EMP1106,Male,Product,Yes,2,4,6.5,0.39
EMP1107,Male,Service,Yes,0,6,9.9,0.58
EMP1108,Female,Product,Yes,1,3,2.1,0.14
EMP1109,Female,Service,Yes,1,7,6.0,0.5
EMP1110,Male,Service,No,1,7,7.8,0.72
EMP1111,Female,Service,No,4,4,3.4,0.53
EMP1112,Male,Product,Yes,5,2,3.8,0.36
EMP1113,Male,Product,No,5,7,8.9,0.81
EMP1114,Male,Service,Yes,4,3,4.0,0.4
EMP1115,Female,Product,Yes,2,1,6.2,0.34
EMP1116,Female,Product,No,4,2,8.9,0.61
EMP1117,Male,Service,No,4,10,2.1,0.63
EMP1118,Female,Service,No,4,9,9.8,0.98
EMP1119,Male,Service,Yes,2,8,7.0,0.61
EMP1120,Male,Product,No,2,6,5.0,0.51
EMP1121,Female,Service,Yes,3,6,4.3,0.45
EMP1122,Female,Product,Yes,3,1,9.5,0.48
EMP1123,Female,Product,Yes,3,2,2.1,0.19
EMP1124,Female,Service,No,3,4,3.1,0.48
EMP1125,Female,Product,No,5,3,3.1,0.44
EMP1126,Female,Product,No,1,1,2.9,0.24
EMP1127,Male,Product,Yes,1,8,4.7,0.4
EMP1128,Male,Service,Yes,3,7,9.9,0.75
EMP1129,Male,Service,Yes,3,4,8.9,0.59
EMP1130,Male,Service,Yes,0,9,3.3,0.41
EMP1131,Female,Service,Yes,1,4,4.2,0.38
EMP1132,Male,Product,No,0,1,6.7,0.35
EMP1133,Male,Service,Yes,0,10,0.2,0.29
EMP1134,Male,Product,Yes,4,1,8.2,0.46
EMP1135,Female,Product,Yes,5,1,8.8,0.47
EMP1136,Male,Service,Yes,2,1,8.6,0.44
EMP1137,Female,Service,Yes,1,4,3.8,0.32
EMP1138,Male,Product,No,3,1,4.6,0.39
EMP1139,Male,Product,No,3,2,0.1,0.25
EMP1140,Female,Product,No,2,4,4.0,0.42
EMP1141,Female,Product,Yes,1,7,4.6,0.37
EMP1142,Male,Service,Yes,3,2,9.1,0.54
EMP1143,Female,Service,Yes,3,8,8.9,0.72
EMP1144,Female,Service,No,4,7,9.7,0.87
EMP1145,Male,Service,No,0,9,8.9,0.77
EMP1146,Female,Product,Yes,3,6,0.1,0.21
EMP1147,Female,Service,Yes,5,4,6.4,0.55
EMP1148,Female,Product,Yes,1,6,0.7,0.17
EMP1149,Female,Service,No,5,4,2.7,0.54
EMP1150,Female,Service,No,2,7,5.8,0.65
EMP1151,Female,Service,Yes,4,9,7.0,0.73
EMP1152,Female,Product,Yes,1,3,6.5,0.32
EMP1153,Female,Service,Yes,4,3,0.5,0.25
EMP1154,Female,Product,Yes,0,2,1.0,0.06
EMP1155,Female,Product,Yes,3,1,1.3,0.15
EMP1156,Female,Product,Yes,1,1,0.9,0.01
EMP1157,Male,Product,No,2,3,1.8,0.28
EMP1158,Female,Service,No,0,7,6.9,0.66
EMP1159,Female,Service,Yes,0,9,8.3,0.63
EMP1160,Male,Service,No,4,2,4.1,0.49
EMP1161,Female,Service,Yes,0,7,6.9,0.5
EMP1162,Male,Service,Yes,1,1,2.0,0.15
EMP1163,Male,Product,Yes,4,2,9.7,0.56
EMP1164,Female,Product,Yes,0,6,3.5,0.25
EMP1165,Male,Service,Yes,2,5,8.5,0.58
EMP1166,Female,Product,Yes,5,8,9.5,0.76
EMP1167,Female,Service,Yes,1,2,8.6,0.46
EMP1168,Male,Product,No,2,1,0.7,0.17
EMP1169,Male,Product,Yes,2,7,6.5,0.47
EMP1170,Male,Product,Yes,4,6,1.2,0.34
EMP1171,Female,Product,Yes,3,8,0.1,0.29
EMP1172,Female,Product,No,4,8,0.5,0.5
EMP1173,Female,Service,Yes,1,2,9.2,0.45
EMP1174,Male,Product,No,1,8,9.1,0.7
EMP1175,Female,Service,Yes,4,6,2.3,0.43
EMP1176,Male,Product,Yes,3,9,5.5,0.55
EMP1177,Female,Product,Yes,4,7,9.6,0.68
EMP1178,Male,Product,Yes,1,2,5.0,0.26
EMP1179,Female,Service,Yes,3,8,3.9,0.5
EMP1180,Male,Product,Yes,1,9,4.8,0.47
EMP1181,Female,Service,Yes,3,7,7.9,0.65
EMP1182,Male,Product,Yes,3,4,4.8,0.35
EMP1183,Female,Service,Yes,4,9,7.8,0.74
EMP1184,Female,Product,No,4,4,4.3,0.53
EMP1185,Male,Service,Yes,4,4,2.5,0.36
EMP1186,Female,Service,No,3,9,3.3,0.66
EMP1187,Female,Service,No,3,8,0.8,0.53
EMP1188,Male,Product,Yes,1,4,5.0,0.3
EMP1189,Male,Product,Yes,2,8,1.5,0.31
EMP1190,Female,Product,Yes,4,8,8.1,0.66
EMP1191,Male,Service,No,5,7,4.2,0.7
EMP1192,Female,Service,No,1,10,7.7,0.82
EMP1193,Male,Service,No,1,6,9.5,0.72
EMP1194,Female,Product,No,0,8,8.5,0.67
EMP1195,Male,Product,No,4,7,9.5,0.83
EMP1196,Female,Product,Yes,1,5,5.7,0.33
EMP1197,Female,Service,Yes,0,4,1.7,0.17
EMP1198,Female,Service,No,5,2,9.4,0.75
EMP1199,Female,Service,Yes,5,8,8.7,0.81
EMP1200,Male,Product,Yes,4,9,8.6,0.74
EMP1201,Female,Service,No,3,4,6.9,0.61
EMP1202,Male,Service,Yes,0,4,6.2,0.39
EMP1203,Male,Product,No,3,5,0.1,0.33
EMP1204,Male,Service,No,5,2,7.5,0.69
EMP1205,Male,Service,Yes,5,7,0.9,0.43
EMP1206,Female,Service,No,2,5,2.6,0.47
EMP1207,Female,Service,Yes,2,6,5.5,0.51
EMP1208,Male,Product,Yes,2,4,4.5,0.29
EMP1209,Male,Product,Yes,2,8,0.2,0.25
EMP1210,Female,Service,Yes,1,8,8.2,0.62
EMP1211,Male,Product,Yes,2,5,8.8,0.52
EMP1212,Male,Service,Yes,1,6,6.8,0.49
EMP1213,Male,Service,Yes,1,3,5.4,0.35
EMP1214,Female,Service,Yes,4,1,9.6,0.56
EMP1215,Female,Service,No,1,9,1.2,0.49
EMP1216,Male,Product,No,1,9,7.4,0.68
EMP1217,Male,Product,Yes,2,3,1.3,0.17
EMP1218,Female,Product,Yes,1,4,3.8,0.24
EMP1219,Female,Product,Yes,3,7,5.9,0.5
EMP1220,Male,Product,Yes,2,2,7.4,0.36
EMP1221,Female,Product,No,0,3,0.0,0.13
EMP1222,Male,Service,No,2,6,2.6,0.47
EMP1223,Male,Service,Yes,1,8,5.4,0.51
EMP1224,Female,Product,Yes,3,1,5.3,0.32
EMP1225,Male,Product,Yes,2,4,6.4,0.41
EMP1226,Female,Service,No,3,1,3.0,0.38
EMP1227,Male,Product,Yes,0,2,5.4,0.23
EMP1228,Male,Product,No,5,8,1.9,0.56
EMP1229,Female,Product,No,0,6,1.9,0.32
EMP1230,Male,Service,Yes,5,9,5.8,0.69
EMP1231,Female,Product,Yes,4,2,6.9,0.45
EMP1232,Male,Service,No,5,3,1.2,0.39
EMP1233,Male,Product,Yes,4,9,1.2,0.36
EMP1234,Male,Service,Yes,2,9,5.7,0.6
EMP1235,Female,Product,Yes,4,6,2.7,0.37
EMP1236,Male,Service,No,3,3,3.9,0.5
EMP1237,Female,Service,No,4,5,4.0,0.57
EMP1238,Male,Service,No,3,2,1.8,0.39
EMP1239,Female,Service,No,5,7,0.0,0.51
EMP1240,Male,Service,No,5,10,8.5,0.98
EMP1241,Female,Service,No,5,8,7.2,0.85
EMP1242,Female,Service,Yes,4,6,6.9,0.6
EMP1243,Female,Service,Yes,5,8,5.5,0.62
EMP1244,Female,Product,No,4,2,7.0,0.58
EMP1245,Female,Product,No,4,3,9.4,0.7
EMP1246,Female,Product,No,1,7,6.7,0.59
EMP1247,Male,Service,Yes,1,10,2.7,0.43
EMP1248,Male,Product,No,4,1,5.7,0.5
EMP1249,Female,Product,No,3,7,4.4,0.57
EMP1250,Female,Service,Yes,2,6,5.6,0.5
EMP1251,Female,Service,Yes,0,8,5.2,0.46
EMP1252,Male,Service,Yes,1,7,8.6,0.59
EMP1253,Male,Product,Yes,4,4,6.5,0.5
EMP1254,Male,Service,Yes,0,3,1.9,0.17
EMP1255,Female,Product,Yes,1,3,0.6,0.08
EMP1256,Male,Product,Yes,2,4,4.2,0.31
EMP1257,Male,Product,No,3,9,0.2,0.46
EMP1258,Male,Product,No,4,9,3.2,0.63
EMP1259,Male,Product,No,2,2,3.7,0.31
EMP1260,Female,Service,Yes,1,5,3.8,0.32
EMP1261,Male,Product,Yes,4,1,9.8,0.54
EMP1262,Female,Service,No,0,4,3.0,0.35
EMP1263,Male,Service,Yes,5,2,2.7,0.33
EMP1264,Male,Product,No,3,8,1.3,0.47
EMP1265,Male,Service,No,1,4,5.1,0.47
EMP1266,Male,Product,Yes,3,5,1.5,0.25
EMP1267,Male,Service,No,4,4,6.2,0.67
EMP1268,Male,Product,Yes,5,5,1.6,0.31
EMP1269,Female,Product,Yes,2,5,5.8,0.38
EMP1270,Male,Product,No,3,5,8.3,0.64
EMP1271,Female,Service,Yes,0,3,0.4,0.08
EMP1272,Female,Service,No,1,7,4.2,0.55
EMP1273,Female,Product,Yes,0,3,4.6,0.21
EMP1274,Male,Service,Yes,3,2,7.9,0.53
EMP1275,Male,Service,Yes,5,3,4.7,0.48
EMP1276,Male,Service,No,2,3,5.7,0.52
EMP1277,Male,Service,Yes,2,8,7.9,0.67
EMP1278,Female,Service,Yes,0,4,5.6,0.33
EMP1279,Male,Service,No,4,3,3.6,0.52
EMP1280,Male,Service,Yes,4,10,0.9,0.48
EMP1281,Female,Product,No,5,5,7.3,0.7
EMP1282,Female,Product,Yes,2,4,8.7,0.51
EMP1283,Female,Product,No,0,9,9.7,0.74
EMP1284,Male,Service,No,0,8,9.3,0.76
EMP1285,Male,Service,Yes,0,7,8.0,0.55
EMP1286,Male,Product,Yes,3,8,6.4,0.57
EMP1287,Male,Service,No,5,5,7.8,0.78
EMP1288,Male,Service,Yes,4,4,4.3,0.46
EMP1289,Male,Product,No,4,7,5.9,0.63
EMP1290,Male,Service,Yes,3,1,3.5,0.29
EMP1291,Male,Product,Yes,1,6,3.3,0.26
EMP1292,Male,Product,Yes,3,8,7.6,0.6
EMP1293,Female,Service,No,5,7,4.5,0.72
EMP1294,Female,Service,Yes,0,2,2.1,0.1
EMP1295,Female,Product,No,3,7,2.0,0.47
EMP1296,Male,Service,No,0,6,8.6,0.64
EMP1297,Male,Service,Yes,5,5,6.8,0.6
EMP1298,Male,Product,Yes,5,4,5.5,0.45
EMP1299,Female,Product,No,2,1,4.0,0.3
EMP1300,Female,Service,Yes,0,2,4.3,0.2
EMP1301,Male,Product,No,4,7,0.6,0.48
EMP1302,Female,Service,Yes,3,10,4.5,0.6
EMP1303,Male,Service,Yes,5,3,8.0,0.59
EMP1304,Male,Service,No,0,5,3.9,0.42
EMP1305,Female,Product,Yes,1,8,3.8,0.37
EMP1306,Female,Service,Yes,2,8,0.2,0.31
EMP1307,Female,Product,Yes,1,6,4.6,0.32
EMP1308,Female,Product,Yes,5,5,0.3,0.26
EMP1309,Male,Product,Yes,1,2,5.7,0.29
EMP1310,Female,Product,No,1,9,5.1,0.56
EMP1311,Male,Service,Yes,2,1,8.4,0.42
EMP1312,Female,Service,Yes,2,2,5.8,0.37
EMP1313,Male,Product,No,2,1,3.2,0.26
EMP1314,Female,Service,Yes,2,4,5.2,0.39
EMP1315,Male,Product,Yes,1,4,7.0,0.37
EMP1316,Female,Service,No,4,5,0.9,0.43
EMP1317,Male,Product,No,4,5,6.2,0.62
EMP1318,Female,Service,Yes,2,8,9.2,0.71
EMP1319,Male,Service,No,3,3,3.0,0.43
EMP1320,Male,Service,Yes,0,6,6.3,0.44
EMP1321,Male,Product,No,5,3,8.2,0.66
EMP1322,Male,Product,Yes,3,2,5.1,0.33
EMP1323,Female,Service,Yes,5,8,7.2,0.7
EMP1324,Male,Product,Yes,3,1,3.1,0.2
EMP1325,Female,Product,Yes,3,9,3.1,0.45
EMP1326,Male,Product,Yes,4,7,6.7,0.62
EMP1327,Male,Service,No,0,10,7.1,0.69
EMP1328,Female,Service,Yes,3,4,9.4,0.68
EMP1329,Female,Service,Yes,2,3,2.2,0.26
EMP1330,Male,Product,Yes,5,6,4.7,0.53
EMP1331,Female,Product,Yes,4,9,2.5,0.48
EMP1332,Female,Service,No,5,9,0.8,0.59
EMP1333,Male,Service,Yes,2,4,4.0,0.37
EMP1334,Female,Product,Yes,2,10,3.7,0.46
EMP1335,Female,Service,Yes,3,5,2.7,0.37
EMP1336,Female,Product,No,2,9,3.0,0.51
EMP1337,Male,Service,Yes,0,2,3.6,0.19
EMP1338,Female,Product,Yes,2,2,9.9,0.51
EMP1339,Male,Service,Yes,3,5,7.8,0.6
EMP1340,Male,Service,Yes,5,1,0.7,0.25
EMP1341,Male,Service,Yes,2,8,8.7,0.66
EMP1342,Male,Product,No,4,5,6.3,0.59
EMP1343,Female,Service,No,4,10,8.9,0.97
EMP1344,Female,Product,No,4,2,3.4,0.42
EMP1345,Female,Product,Yes,5,9,4.6,0.59
EMP1346,Male,Service,Yes,1,2,9.0,0.48
EMP1347,Male,Service,Yes,4,7,2.7,0.48
EMP1348,Male,Service,No,4,8,9.2,0.91
EMP1349,Female,Service,Yes,1,6,8.3,0.58
EMP1350,Male,Product,No,5,7,9.8,0.89
EMP1351,Female,Product,Yes,4,1,3.2,0.24
EMP1352,Female,Product,Yes,3,4,2.4,0.26
EMP1353,Male,Service,Yes,5,7,3.3,0.54
EMP1354,Female,Service,Yes,4,1,9.5,0.62
EMP1355,Male,Service,No,4,1,3.3,0.42
EMP1356,Female,Product,No,1,6,5.7,0.51
EMP1357,Female,Product,Yes,3,4,4.0,0.3
EMP1358,Male,Service,Yes,5,3,4.0,0.45
EMP1359,Male,Product,No,2,5,1.9,0.35
EMP1360,Female,Service,No,0,9,5.4,0.6
EMP1361,Female,Service,Yes,3,10,8.5,0.77
EMP1362,Male,Service,Yes,2,10,0.5,0.42
EMP1363,Female,Product,Yes,3,10,8.9,0.72
EMP1364,Female,Product,Yes,2,3,6.7,0.38
EMP1365,Female,Product,Yes,2,5,6.2,0.45
EMP1366,Male,Product,Yes,3,10,6.3,0.62
EMP1367,Female,Product,Yes,1,5,3.0,0.22
EMP1368,Female,Service,Yes,3,9,4.2,0.57
EMP1369,Male,Service,Yes,3,10,8.0,0.77
EMP1370,Male,Product,No,2,4,3.1,0.38
EMP1371,Female,Product,No,0,1,4.7,0.29
EMP1372,Male,Product,Yes,2,10,0.2,0.29
EMP1373,Female,Product,No,4,5,7.3,0.65
EMP1374,Male,Service,No,3,1,4.2,0.43
EMP1375,Male,Product,Yes,5,6,5.3,0.53
EMP1376,Female,Product,Yes,3,10,1.1,0.38
EMP1377,Male,Product,No,1,10,9.9,0.82
EMP1378,Male,Service,No,5,7,3.0,0.64
EMP1379,Male,Service,No,2,1,6.3,0.47
EMP1380,Female,Product,No,1,10,5.8,0.64
EMP1381,Male,Service,No,3,4,7.9,0.71
EMP1382,Male,Service,Yes,2,9,2.9,0.45
EMP1383,Female,Service,Yes,2,1,7.6,0.4
EMP1384,Male,Product,Yes,4,9,3.8,0.55
EMP1385,Female,Service,Yes,4,8,4.1,0.56
EMP1386,Male,Service,No,0,5,6.7,0.54
EMP1387,Female,Service,Yes,4,6,7.8,0.67
EMP1388,Male,Service,No,5,7,6.7,0.81
EMP1389,Female,Service,Yes,2,4,9.0,0.56
EMP1390,Male,Product,Yes,4,6,2.9,0.38
EMP1391,Male,Service,Yes,0,7,9.0,0.59
EMP1392,Male,Service,Yes,3,6,1.3,0.36
EMP1393,Male,Service,No,5,6,6.6,0.78
EMP1394,Male,Product,No,4,2,5.5,0.46
EMP1395,Male,Service,No,2,5,4.9,0.59
EMP1396,Female,Service,Yes,3,3,3.1,0.32
EMP1397,Male,Product,Yes,2,7,5.0,0.46
EMP1398,Male,Service,Yes,3,4,1.6,0.3
EMP1399,Female,Service,Yes,5,1,3.7,0.37
EMP1400,Female,Service,No,2,6,1.0,0.41
EMP1401,Male,Product,No,4,6,5.7,0.68
EMP1402,Male,Product,No,4,7,1.0,0.45
EMP1403,Male,Service,Yes,0,8,1.6,0.29
EMP1404,Female,Product,No,3,3,0.9,0.28
EMP1405,Female,Service,Yes,0,6,3.8,0.34
EMP1406,Male,Service,No,1,10,8.4,0.82
EMP1407,Female,Service,Yes,4,2,9.1,0.61
EMP1408,Female,Product,Yes,3,9,0.7,0.36
EMP1409,Female,Service,Yes,5,2,6.3,0.52
EMP1410,Female,Product,No,0,3,6.8,0.43
EMP1411,Male,Product,Yes,5,10,5.3,0.66
EMP1412,Male,Product,Yes,5,2,6.7,0.48
EMP1413,Male,Product,No,5,9,2.3,0.61
EMP1414,Male,Service,Yes,0,1,4.9,0.24
EMP1415,Male,Service,Yes,1,5,3.9,0.36
EMP1416,Female,Product,Yes,0,1,0.9,0.0
EMP1417,Male,Service,Yes,2,5,6.3,0.49
EMP1418,Male,Product,No,4,8,5.0,0.69
EMP1419,Male,Service,No,0,8,2.8,0.48
EMP1420,Female,Service,Yes,0,8,4.7,0.43
EMP1421,Male,Service,No,1,2,7.8,0.52
EMP1422,Male,Product,Yes,2,8,8.0,0.59
EMP1423,Male,Service,Yes,0,5,6.5,0.42
EMP1424,Male,Product,Yes,4,1,4.7,0.32
EMP1425,Female,Service,Yes,4,7,5.8,0.63
EMP1426,Female,Product,Yes,0,6,3.9,0.26
EMP1427,Male,Service,No,5,5,1.3,0.49
EMP1428,Female,Service,No,5,1,3.9,0.49
EMP1429,Female,Service,Yes,2,1,5.3,0.31
EMP1430,Female,Product,Yes,4,6,6.0,0.51
EMP1431,Male,Service,No,5,10,9.4,1.0
EMP1432,Male,Product,No,4,7,7.8,0.73
EMP1433,Male,Service,No,2,10,1.5,0.57
EMP1434,Female,Product,Yes,2,10,1.7,0.38
EMP1435,Male,Product,No,5,1,1.0,0.34
EMP1436,Male,Service,Yes,0,9,7.4,0.59
EMP1437,Male,Product,Yes,3,4,7.1,0.49
EMP1438,Female,Product,Yes,1,5,9.9,0.53
EMP1439,Male,Product,Yes,3,2,5.2,0.31
EMP1440,Female,Product,Yes,3,10,8.3,0.74
EMP1441,Female,Service,Yes,4,8,5.8,0.62
EMP1442,Male,Service,Yes,2,2,8.7,0.48
EMP1443,Female,Product,No,4,3,7.2,0.58
EMP1444,Male,Product,Yes,5,9,6.4,0.7
EMP1445,Female,Product,Yes,1,2,5.7,0.27
EMP1446,Male,Product,Yes,5,6,7.2,0.61
EMP1447,Female,Service,No,0,4,4.2,0.42
EMP1448,Female,Service,Yes,1,7,1.0,0.27
EMP1449,Female,Product,Yes,4,6,0.4,0.27
EMP1450,Female,Product,Yes,4,10,4.8,0.61
EMP1451,Male,Product,No,5,9,6.0,0.75
EMP1452,Female,Service,No,4,9,0.8,0.58
EMP1453,Female,Service,Yes,4,10,2.9,0.6
EMP1454,Female,Product,Yes,3,4,3.2,0.3
EMP1455,Male,Product,No,0,1,5.6,0.35
EMP1456,Female,Service,Yes,3,2,2.8,0.26
EMP1457,Female,Service,No,4,8,1.0,0.52
EMP1458,Female,Product,Yes,2,10,1.6,0.38
EMP1459,Male,Product,Yes,3,8,1.7,0.35
EMP1460,Female,Product,Yes,4,2,8.4,0.51
EMP1461,Male,Service,Yes,4,4,2.8,0.37
EMP1462,Female,Product,No,0,1,7.1,0.39
EMP1463,Male,Product,No,5,7,5.7,0.7
EMP1464,Female,Service,Yes,1,4,9.8,0.57
EMP1465,Female,Product,No,3,8,2.7,0.51
EMP1466,Male,Service,Yes,3,9,1.6,0.42
EMP1467,Female,Product,Yes,3,9,0.5,0.33
EMP1468,Male,Product,Yes,4,3,2.4,0.3
EMP1469,Female,Service,No,0,5,6.8,0.55
EMP1470,Female,Product,No,4,6,0.9,0.41
EMP1471,Female,Service,No,4,6,2.4,0.55
EMP1472,Female,Service,No,5,10,8.6,0.95
EMP1473,Female,Product,No,2,8,5.8,0.64
EMP1474,Male,Service,No,0,6,0.7,0.31
EMP1475,Male,Product,No,3,6,0.5,0.36
EMP1476,Female,Service,No,1,4,0.6,0.34
EMP1477,Female,Product,Yes,3,7,9.4,0.64
EMP1478,Female,Service,Yes,4,8,8.5,0.78
EMP1479,Female,Product,Yes,0,3,8.4,0.38
EMP1480,Male,Product,Yes,0,7,9.2,0.54
EMP1481,Female,Service,Yes,0,3,5.1,0.29
EMP1482,Male,Service,Yes,2,8,2.5,0.43
EMP1483,Male,Product,No,3,1,4.0,0.36
EMP1484,Male,Product,Yes,2,1,7.2,0.32
EMP1485,Male,Service,Yes,5,6,8.8,0.76
EMP1486,Male,Service,Yes,1,10,4.4,0.52
EMP1487,Male,Product,No,5,9,5.4,0.71
EMP1488,Female,Service,Yes,4,4,9.3,0.66
EMP1489,Male,Product,Yes,2,6,1.1,0.25
EMP1490,Male,Service,No,2,5,8.6,0.72
EMP1491,Male,Product,No,5,1,1.6,0.32
EMP1492,Male,Product,Yes,4,6,4.8,0.45
EMP1493,Male,Service,Yes,0,9,2.2,0.34
EMP1494,Male,Product,Yes,4,3,6.0,0.43
EMP1495,Female,Service,No,3,3,5.6,0.56
EMP1496,Female,Product,Yes,5,2,3.8,0.35
EMP1497,Female,Product,Yes,4,4,8.6,0.57
EMP1498,Male,Product,Yes,0,10,6.6,0.52
EMP1499,Male,Service,Yes,4,3,7.2,0.53
EMP1500,Female,Product,No,2,2,1.5,0.25
EMP1501,Male,Service,Yes,1,1,8.8,0.43
EMP1502,Male,Service,Yes,2,3,1.7,0.25
EMP1503,Male,Service,Yes,1,10,2.2,0.43
EMP1504,Male,Product,Yes,4,6,1.3,0.32
EMP1505,Male,Product,Yes,3,9,4.4,0.5
EMP1506,Male,Product,No,4,5,8.9,0.72
EMP1507,Female,Product,No,0,3,2.5,0.25
EMP1508,Male,Product,No,4,5,3.7,0.5
EMP1509,Female,Service,No,1,5,8.5,0.68
EMP1510,Female,Product,No,2,5,6.2,0.54
EMP1511,Female,Product,Yes,3,7,7.5,0.61
EMP1512,Female,Product,No,4,5,2.1,0.42
EMP1513,Female,Service,No,4,7,7.2,0.73
EMP1514,Male,Product,No,2,9,2.3,0.51
EMP1515,Male,Service,Yes,3,5,9.9,0.67
EMP1516,Male,Product,Yes,5,2,5.6,0.42
EMP1517,Female,Service,No,4,5,7.0,0.69
EMP1518,Female,Service,No,4,8,1.2,0.59
EMP1519,Male,Product,No,5,4,2.5,0.46
EMP1520,Female,Product,Yes,1,2,1.4,0.07
EMP1521,Male,Product,Yes,1,10,3.9,0.47
EMP1522,Female,Product,Yes,0,3,2.8,0.16
EMP1523,Male,Service,No,2,9,7.3,0.8
EMP1524,Male,Service,Yes,3,9,1.1,0.42
EMP1525,Male,Service,Yes,4,8,7.5,0.71
EMP1526,Male,Service,No,4,8,0.5,0.52
EMP1527,Male,Product,Yes,0,8,2.0,0.25
EMP1528,Male,Product,No,4,8,7.9,0.79
EMP1529,Female,Service,Yes,2,8,7.4,0.62
EMP1530,Male,Product,No,0,1,4.8,0.33
EMP1531,Male,Service,Yes,2,6,0.5,0.28
EMP1532,Female,Product,No,0,9,6.1,0.63
EMP1533,Female,Product,No,4,8,4.1,0.58
EMP1534,Male,Service,Yes,0,3,3.2,0.25
EMP1535,Male,Product,Yes,1,1,6.4,0.23
EMP1536,Male,Service,Yes,3,2,4.4,0.33
EMP1537,Male,Service,No,4,2,0.9,0.33
EMP1538,Female,Service,No,5,7,9.2,0.91
EMP1539,Male,Service,Yes,3,6,7.8,0.62
EMP1540,Male,Service,No,4,2,0.6,0.36
EMP1541,Female,Service,Yes,3,8,5.3,0.57
EMP1542,Male,Product,No,1,9,0.8,0.42
EMP1543,Female,Service,No,3,7,8.4,0.78
EMP1544,Male,Service,Yes,0,4,6.1,0.4
EMP1545,Female,Product,Yes,3,1,1.7,0.14
EMP1546,Male,Product,Yes,4,4,0.2,0.25
EMP1547,Female,Product,Yes,5,4,0.3,0.26
EMP1548,Female,Service,Yes,5,8,5.1,0.63
EMP1549,Male,Service,Yes,2,4,7.3,0.5
EMP1550,Female,Product,Yes,3,4,1.2,0.19
EMP1551,Female,Service,Yes,5,2,2.2,0.34
EMP1552,Female,Service,Yes,3,10,3.3,0.54
EMP1553,Female,Service,Yes,5,7,2.2,0.5
EMP1554,Female,Service,Yes,3,4,3.9,0.37
EMP1555,Male,Service,No,4,6,5.6,0.68
EMP1556,Male,Product,No,3,3,6.8,0.53
EMP1557,Female,Service,Yes,4,7,9.6,0.75
EMP1558,Male,Product,Yes,4,6,9.3,0.67
EMP1559,Female,Service,No,2,3,5.7,0.54
EMP1560,Female,Service,No,5,4,7.3,0.69
EMP1561,Male,Product,Yes,0,10,9.5,0.68
EMP1562,Male,Product,Yes,4,5,0.8,0.29
EMP1563,Female,Service,Yes,5,9,0.1,0.43
EMP1564,Male,Product,Yes,1,6,0.3,0.18
EMP1565,Female,Service,Yes,3,4,5.6,0.46
EMP1566,Male,Product,Yes,1,7,7.6,0.51
EMP1567,Female,Product,No,3,2,3.7,0.39
EMP1568,Male,Service,Yes,2,4,5.5,0.43
EMP1569,Female,Service,Yes,4,5,5.2,0.5
EMP1570,Male,Service,Yes,0,4,0.9,0.14
EMP1571,Female,Product,Yes,4,4,3.2,0.33
EMP1572,Male,Service,Yes,3,9,0.2,0.41
EMP1573,Female,Service,Yes,0,2,1.1,0.06
EMP1574,Female,Service,No,4,6,8.1,0.79
EMP1575,Male,Service,Yes,0,8,8.3,0.62
EMP1576,Male,Service,No,3,8,8.0,0.83
EMP1577,Male,Product,No,2,7,7.3,0.67
EMP1578,Female,Product,Yes,2,10,7.9,0.65
EMP1579,Female,Service,Yes,4,4,6.7,0.53
EMP1580,Male,Product,Yes,1,7,6.7,0.47
EMP1581,Male,Service,No,3,10,6.7,0.81
EMP1582,Male,Product,No,4,6,5.1,0.64
EMP1583,Female,Service,No,4,6,3.6,0.6
EMP1584,Male,Service,Yes,2,2,7.3,0.45
EMP1585,Female,Product,No,0,8,3.0,0.46
EMP1586,Male,Product,Yes,3,8,5.4,0.5
EMP1587,Female,Product,Yes,0,7,4.3,0.29
EMP1588,Male,Service,Yes,5,9,2.8,0.58
EMP1589,Male,Service,Yes,5,8,9.7,0.85
EMP1590,Female,Product,No,3,9,2.6,0.54
EMP1591,Female,Service,Yes,1,9,3.1,0.41
EMP1592,Female,Product,Yes,5,6,1.6,0.37
EMP1593,Male,Service,Yes,2,2,8.2,0.48
EMP1594,Male,Service,No,1,7,5.9,0.62
EMP1595,Female,Product,No,4,3,6.1,0.53
EMP1596,Female,Service,Yes,5,7,8.2,0.75
EMP1597,Male,Product,Yes,2,9,3.4,0.44
EMP1598,Male,Product,Yes,4,10,1.9,0.44
EMP1599,Male,Product,No,1,10,2.0,0.51
EMP1600,Female,Product,Yes,3,2,7.3,0.42
EMP1601,Male,Service,Yes,4,6,6.1,0.6
EMP1602,Male,Product,Yes,0,6,2.1,0.18
EMP1603,Male,Service,Yes,3,9,1.5,0.45
EMP1604,Male,Product,No,3,9,1.2,0.46
EMP1605,Male,Product,Yes,1,5,6.3,0.37
EMP1606,Male,Service,Yes,1,5,0.0,0.18
EMP1607,Male,Service,Yes,2,9,0.2,0.34
EMP1608,Female,Product,Yes,2,8,3.9,0.42
EMP1609,Male,Service,No,0,7,6.9,0.66
EMP1610,Male,Service,Yes,3,8,7.0,0.65
EMP1611,Female,Service,No,0,6,4.3,0.49
EMP1612,Female,Service,No,0,3,6.9,0.5
EMP1613,Male,Product,Yes,1,7,5.2,0.4
EMP1614,Male,Product,Yes,0,8,9.8,0.58
EMP1615,Male,Service,Yes,0,8,1.6,0.31
EMP1616,Female,Product,No,4,1,6.0,0.53
EMP1617,Female,Service,Yes,2,7,4.9,0.49
EMP1618,Female,Product,Yes,2,3,1.9,0.17
EMP1619,Female,Product,Yes,3,2,7.5,0.44
EMP1620,Female,Service,No,2,2,2.8,0.39
EMP1621,Male,Product,Yes,5,8,3.8,0.53
EMP1622,Male,Service,Yes,3,9,3.7,0.53
EMP1623,Female,Service,Yes,4,3,2.4,0.35
EMP1624,Female,Service,Yes,2,3,4.3,0.34
EMP1625,Male,Service,No,4,6,4.7,0.66
EMP1626,Female,Service,Yes,2,10,7.4,0.67
EMP1627,Male,Service,No,2,1,7.7,0.54
EMP1628,Male,Service,No,4,6,1.6,0.51
EMP1629,Male,Product,Yes,0,3,5.9,0.25
EMP1630,Male,Product,No,0,4,9.0,0.55
EMP1631,Female,Product,Yes,0,9,1.1,0.23
EMP1632,Male,Product,Yes,5,3,4.7,0.38
EMP1633,Female,Service,No,0,1,7.5,0.51
EMP1634,Female,Service,Yes,2,3,6.1,0.41
EMP1635,Female,Service,No,1,7,1.0,0.4
EMP1636,Male,Product,Yes,4,7,4.0,0.46
EMP1637,Male,Service,No,1,5,5.1,0.5
EMP1638,Male,Product,Yes,5,1,10.0,0.56
EMP1639,Female,Service,Yes,1,8,1.8,0.38
EMP1640,Female,Service,Yes,3,10,9.8,0.84
EMP1641,Male,Product,No,0,8,3.8,0.48
EMP1642,Female,Product,No,5,10,2.0,0.66
EMP1643,Male,Product,Yes,2,10,4.1,0.49
EMP1644,Female,Service,No,0,10,6.1,0.68
EMP1645,Male,Service,Yes,0,2,2.1,0.11
EMP1646,Female,Service,Yes,1,10,2.9,0.45
EMP1647,Male,Product,No,3,3,8.5,0.62
EMP1648,Female,Product,No,0,4,10.0,0.59
EMP1649,Female,Service,No,4,1,3.2,0.46
EMP1650,Female,Service,No,4,4,1.5,0.47
EMP1651,Male,Product,Yes,0,5,7.9,0.44
EMP1652,Male,Product,No,1,3,6.0,0.44
EMP1653,Male,Service,Yes,1,10,1.0,0.36
EMP1654,Male,Product,Yes,2,2,9.5,0.5
EMP1655,Male,Product,Yes,5,6,0.8,0.34
EMP1656,Female,Product,Yes,5,8,6.3,0.64
EMP1657,Female,Service,Yes,5,7,4.2,0.58
EMP1658,Male,Service,Yes,3,1,5.6,0.38
EMP1659,Male,Service,Yes,1,4,2.1,0.28
EMP1660,Male,Service,Yes,2,3,6.9,0.44
EMP1661,Female,Service,Yes,4,6,9.6,0.73
EMP1662,Male,Product,Yes,5,9,4.6,0.62
EMP1663,Female,Service,Yes,4,9,5.2,0.64
EMP1664,Male,Product,No,4,7,2.4,0.51
EMP1665,Female,Service,No,0,9,8.9,0.77
EMP1666,Female,Product,No,3,8,9.7,0.84
EMP1667,Male,Product,Yes,2,5,7.9,0.49
EMP1668,Female,Product,No,3,9,5.4,0.66
EMP1669,Male,Product,Yes,0,7,9.6,0.57
EMP1670,Female,Product,Yes,2,5,1.5,0.22
EMP1671,Male,Product,Yes,2,8,4.8,0.44
EMP1672,Female,Service,No,1,7,5.4,0.6
EMP1673,Female,Product,Yes,3,9,4.9,0.55
EMP1674,Female,Service,Yes,3,10,8.0,0.77
EMP1675,Female,Service,Yes,1,1,6.7,0.37
EMP1676,Male,Service,No,4,9,1.3,0.58
EMP1677,Male,Service,No,0,7,3.5,0.5
EMP1678,Male,Service,Yes,3,1,3.4,0.26
EMP1679,Male,Product,Yes,1,1,5.7,0.22
EMP1680,Female,Product,Yes,2,5,2.9,0.26
EMP1681,Male,Product,No,5,8,1.2,0.54
EMP1682,Female,Service,Yes,1,9,6.5,0.6
EMP1683,Female,Service,No,5,6,8.5,0.85
EMP1684,Female,Product,Yes,4,10,9.3,0.78
EMP1685,Male,Product,No,0,8,9.7,0.7
EMP1686,Female,Service,Yes,5,6,7.8,0.71
EMP1687,Female,Product,Yes,4,6,1.4,0.34
EMP1688,Male,Service,Yes,5,4,8.5,0.67
EMP1689,Female,Service,Yes,2,5,4.0,0.37
EMP1690,Female,Service,Yes,2,2,7.3,0.45
EMP1691,Male,Service,No,2,3,5.3,0.53
EMP1692,Male,Service,Yes,2,3,8.3,0.54
EMP1693,Male,Service,No,1,5,4.3,0.48
EMP1694,Male,Service,No,2,5,0.6,0.37
EMP1695,Male,Service,Yes,2,6,5.6,0.48
EMP1696,Male,Product,No,1,5,1.7,0.3
EMP1697,Male,Product,No,2,6,9.7,0.76
EMP1698,Male,Product,Yes,4,8,5.3,0.56
EMP1699,Female,Product,No,4,2,5.5,0.52
EMP1700,Male,Service,Yes,3,4,9.1,0.59
EMP1701,Female,Service,Yes,4,6,6.2,0.59
EMP1702,Male,Product,No,0,5,3.0,0.34
EMP1703,Male,Product,Yes,0,1,3.0,0.07
EMP1704,Male,Service,Yes,0,9,5.0,0.51
EMP1705,Male,Product,Yes,1,3,8.7,0.43
EMP1706,Male,Service,No,4,2,7.9,0.67
EMP1707,Female,Service,No,0,9,9.6,0.79
EMP1708,Male,Service,Yes,3,7,0.7,0.32
EMP1709,Female,Product,No,1,5,2.7,0.37
EMP1710,Female,Product,No,3,6,0.8,0.39
EMP1711,Male,Product,Yes,4,4,7.5,0.53
EMP1712,Male,Service,Yes,2,1,1.4,0.15
EMP1713,Female,Service,No,3,4,1.0,0.4
EMP1714,Male,Product,No,2,9,5.6,0.67
EMP1715,Male,Service,No,1,1,4.1,0.34
EMP1716,Female,Service,Yes,3,10,7.2,0.73
EMP1717,Male,Product,Yes,3,3,4.9,0.34
EMP1718,Female,Service,Yes,5,5,4.3,0.51
EMP1719,Female,Service,Yes,1,7,4.3,0.4
EMP1720,Male,Product,Yes,1,9,8.7,0.62
EMP1721,Male,Product,No,0,6,4.0,0.42
EMP1722,Male,Service,Yes,4,3,3.3,0.38
EMP1723,Male,Service,No,3,7,3.4,0.56
EMP1724,Male,Service,Yes,3,4,2.0,0.33
EMP1725,Female,Service,Yes,1,3,8.6,0.52
EMP1726,Male,Service,Yes,1,7,1.5,0.3
EMP1727,Male,Product,Yes,4,7,9.1,0.73
EMP1728,Female,Service,Yes,1,4,2.8,0.25
EMP1729,Female,Service,No,2,7,9.0,0.77
EMP1730,Female,Product,No,2,2,7.9,0.51
EMP1731,Male,Service,Yes,5,1,5.8,0.46
EMP1732,Female,Service,Yes,2,2,6.7,0.38
EMP1733,Male,Product,No,2,4,3.3,0.38
EMP1734,Male,Service,Yes,4,8,5.7,0.68
EMP1735,Male,Product,Yes,3,3,2.9,0.23
EMP1736,Female,Product,Yes,2,10,4.0,0.47
EMP1737,Male,Product,No,5,6,7.6,0.73
EMP1738,Male,Service,Yes,1,6,2.4,0.31
EMP1739,Male,Service,Yes,2,9,8.4,0.7
EMP1740,Male,Product,No,5,9,3.8,0.66
EMP1741,Female,Service,Yes,4,4,5.3,0.49
EMP1742,Female,Product,Yes,1,9,9.4,0.66
EMP1743,Female,Service,Yes,5,6,6.8,0.68
EMP1744,Male,Service,No,2,2,6.5,0.52
EMP1745,Male,Product,Yes,3,10,7.1,0.65
EMP1746,Male,Service,No,1,6,9.2,0.74
EMP1747,Male,Product,No,1,2,2.5,0.23
EMP1748,Male,Product,Yes,3,8,6.1,0.54
EMP1749,Female,Service,No,1,4,4.0,0.43
EMP1750,Male,Service,Yes,2,5,0.1,0.24
EMP1751,Male,Product,Yes,1,8,1.3,0.3
EMP1752,Male,Product,Yes,2,8,3.2,0.37
EMP1753,Male,Product,Yes,3,6,5.6,0.49
EMP1754,Male,Service,Yes,0,4,8.8,0.46
EMP1755,Female,Product,Yes,3,1,7.9,0.41
EMP1756,Female,Service,Yes,2,7,5.5,0.52
EMP1757,Female,Service,No,4,8,0.7,0.51
EMP1758,Male,Service,Yes,3,9,2.9,0.49
EMP1759,Male,Product,No,4,2,3.7,0.4
EMP1760,Male,Product,Yes,4,1,6.2,0.35
EMP1761,Male,Product,Yes,2,4,0.6,0.1
EMP1762,Female,Service,Yes,2,5,5.3,0.44
EMP1763,Male,Product,Yes,0,10,9.0,0.62
EMP1764,Male,Product,Yes,5,1,7.1,0.45
EMP1765,Male,Service,No,1,5,8.0,0.66
EMP1766,Male,Product,No,3,6,6.8,0.6
EMP1767,Female,Service,No,2,3,2.1,0.36
EMP1768,Male,Product,Yes,3,7,1.1,0.35
EMP1769,Male,Service,No,5,6,8.3,0.86
EMP1770,Male,Service,Yes,5,4,7.0,0.61
EMP1771,Male,Service,Yes,4,3,5.8,0.46
EMP1772,Female,Service,No,1,5,1.9,0.38
EMP1773,Female,Product,No,0,3,6.0,0.36
EMP1774,Female,Service,Yes,3,10,0.3,0.43
EMP1775,Female,Service,Yes,1,9,1.2,0.38
EMP1776,Male,Service,Yes,0,9,3.1,0.37
EMP1777,Female,Product,No,3,6,4.4,0.51
EMP1778,Male,Product,Yes,1,6,1.2,0.2
EMP1779,Male,Product,No,2,4,1.2,0.3
EMP1780,Female,Product,Yes,3,4,7.3,0.47
EMP1781,Male,Product,Yes,1,2,5.7,0.26
EMP1782,Female,Service,Yes,5,10,5.3,0.69
EMP1783,Male,Product,Yes,0,4,4.5,0.24
EMP1784,Female,Product,Yes,1,8,9.8,0.64
EMP1785,Female,Service,No,2,10,0.5,0.51
EMP1786,Female,Service,No,3,2,1.8,0.36
EMP1787,Female,Service,No,3,9,6.5,0.75
EMP1788,Female,Service,No,3,1,1.4,0.33
EMP1789,Male,Product,No,2,2,5.9,0.44
EMP1790,Male,Service,Yes,0,2,5.7,0.29
EMP1791,Male,Service,No,3,6,9.7,0.83
EMP1792,Female,Product,Yes,0,7,8.8,0.51
EMP1793,Male,Service,Yes,1,3,9.5,0.52
EMP1794,Female,Service,Yes,5,9,1.1,0.5
EMP1795,Male,Product,Yes,5,5,8.7,0.63
EMP1796,Male,Product,Yes,0,5,1.3,0.11
EMP1797,Female,Product,No,0,4,6.3,0.41
EMP1798,Male,Product,Yes,5,9,7.2,0.71
EMP1799,Male,Product,Yes,3,8,1.6,0.35
EMP1800,Male,Service,Yes,4,4,6.3,0.53
EMP1801,Female,Product,Yes,4,4,0.5,0.2
EMP1802,Female,Service,Yes,2,2,2.9,0.25
EMP1803,Male,Service,Yes,5,9,9.2,0.84
EMP1804,Male,Service,Yes,5,3,1.7,0.33
EMP1805,Male,Service,Yes,2,4,0.7,0.21
EMP1806,Female,Product,No,4,7,4.4,0.61
EMP1807,Female,Service,No,1,10,8.5,0.86
EMP1808,Male,Service,Yes,3,8,0.8,0.39
EMP1809,Male,Service,Yes,3,8,3.6,0.52
EMP1810,Male,Service,Yes,1,4,9.0,0.56
EMP1811,Female,Product,No,1,7,1.2,0.34
EMP1812,Female,Service,Yes,4,10,3.1,0.57
EMP1813,Male,Product,Yes,2,1,7.8,0.35
EMP1814,Male,Service,No,1,6,5.4,0.55
EMP1815,Male,Service,Yes,2,6,8.3,0.6
EMP1816,Female,Product,Yes,0,6,1.1,0.15
EMP1817,Male,Service,Yes,3,2,9.2,0.56
EMP1818,Female,Product,No,4,8,9.3,0.85
EMP1819,Female,Product,No,3,5,1.6,0.36
EMP1820,Male,Service,No,4,5,0.3,0.42
EMP1821,Male,Service,Yes,0,2,9.9,0.47
EMP1822,Male,Service,Yes,3,4,4.8,0.4
EMP1823,Female,Service,No,0,9,5.7,0.62
EMP1824,Female,Service,No,4,9,6.2,0.82
EMP1825,Female,Service,Yes,1,6,7.9,0.57
EMP1826,Male,Service,No,3,9,8.1,0.82
EMP1827,Male,Product,Yes,0,4,1.9,0.14
EMP1828,Female,Service,Yes,5,1,2.4,0.28
EMP1829,Female,Product,No,3,2,8.8,0.59
EMP1830,Male,Service,Yes,3,1,8.2,0.48
EMP1831,Female,Product,No,3,8,6.2,0.69
EMP1832,Female,Product,Yes,2,9,9.9,0.7
EMP1833,Female,Product,Yes,0,10,7.4,0.54
EMP1834,Female,Service,No,0,6,2.2,0.37
EMP1835,Female,Product,No,3,2,8.5,0.59
EMP1836,Female,Product,Yes,1,6,4.1,0.31
EMP1837,Male,Service,Yes,3,9,0.4,0.39
EMP1838,Male,Service,No,2,3,3.2,0.43
EMP1839,Female,Product,Yes,4,9,7.6,0.69
EMP1840,Male,Product,No,2,2,9.6,0.63
EMP1841,Male,Product,No,1,5,2.8,0.34
EMP1842,Male,Product,Yes,3,2,2.5,0.19
EMP1843,Male,Service,Yes,0,7,5.6,0.45
EMP1844,Female,Service,Yes,5,10,8.1,0.86
EMP1845,Female,Service,No,3,9,7.5,0.81
EMP1846,Male,Product,Yes,1,7,5.6,0.42
EMP1847,Male,Service,Yes,0,5,6.3,0.44
EMP1848,Male,Service,Yes,2,4,2.4,0.29
EMP1849,Female,Service,Yes,4,4,4.3,0.46
EMP1850,Female,Service,Yes,4,10,2.6,0.59
EMP1851,Male,Service,Yes,3,8,8.8,0.73
EMP1852,Female,Service,No,2,10,1.1,0.55
EMP1853,Female,Product,No,5,10,6.8,0.85
EMP1854,Female,Service,No,5,10,2.6,0.7
EMP1855,Female,Service,Yes,1,10,4.8,0.51
EMP1856,Male,Service,Yes,4,10,3.0,0.58
EMP1857,Female,Product,No,2,1,3.2,0.28
EMP1858,Male,Service,Yes,3,5,2.6,0.38
EMP1859,Female,Service,No,0,2,7.5,0.5
EMP1860,Female,Product,No,3,9,3.7,0.62
EMP1861,Female,Product,Yes,3,7,7.3,0.55
EMP1862,Female,Service,No,2,10,4.6,0.71
EMP1863,Male,Service,No,4,8,5.5,0.7
EMP1864,Male,Service,Yes,2,6,5.4,0.46
EMP1865,Female,Product,Yes,0,9,9.8,0.64
EMP1866,Female,Service,Yes,2,6,3.7,0.4
EMP1867,Male,Product,Yes,1,7,2.1,0.26
EMP1868,Male,Product,Yes,3,7,9.1,0.65
EMP1869,Male,Product,Yes,4,9,1.7,0.45
EMP1870,Female,Product,No,5,8,8.3,0.8
EMP1871,Female,Product,Yes,0,1,1.5,0.05
EMP1872,Male,Product,Yes,5,4,6.6,0.54
EMP1873,Male,Product,No,3,7,1.5,0.43
EMP1874,Female,Product,Yes,2,8,9.2,0.63
EMP1875,Female,Service,No,5,7,5.7,0.76
EMP1876,Male,Service,Yes,1,3,3.3,0.25
EMP1877,Female,Product,Yes,2,4,1.4,0.19
EMP1878,Male,Service,Yes,3,7,3.7,0.48
EMP1879,Male,Product,No,5,8,7.1,0.76
EMP1880,Female,Service,Yes,0,7,3.8,0.35
EMP1881,Female,Product,No,5,6,2.5,0.51
EMP1882,Female,Product,Yes,5,9,5.8,0.64
EMP1883,Female,Service,Yes,4,9,4.2,0.61
EMP1884,Female,Service,Yes,5,7,1.7,0.44
EMP1885,Male,Service,No,3,8,1.5,0.55
EMP1886,Male,Service,No,0,6,7.1,0.59
EMP1887,Male,Service,Yes,3,1,9.7,0.56
EMP1888,Male,Product,Yes,1,1,2.3,0.09
EMP1889,Female,Product,Yes,2,6,7.7,0.51
EMP1890,Female,Product,Yes,5,2,0.9,0.23
EMP1891,Male,Product,Yes,4,8,3.8,0.52
EMP1892,Male,Service,No,0,1,5.1,0.33
EMP1893,Female,Service,No,4,2,2.7,0.45
EMP1894,Male,Product,Yes,4,8,5.3,0.55
EMP1895,Female,Service,Yes,4,6,8.8,0.71
EMP1896,Female,Service,No,5,10,9.4,0.98
EMP1897,Female,Product,No,0,2,1.0,0.13
EMP1898,Male,Product,Yes,0,2,2.7,0.09
EMP1899,Male,Product,Yes,4,7,9.8,0.72
EMP1900,Female,Product,Yes,2,5,2.7,0.26
EMP1901,Female,Product,Yes,5,5,6.9,0.56
EMP1902,Male,Service,Yes,5,8,2.5,0.54
EMP1903,Female,Product,Yes,3,7,3.6,0.45
EMP1904,Male,Product,No,5,9,1.9,0.61
EMP1905,Female,Service,Yes,4,4,8.6,0.65
EMP1906,Male,Service,Yes,1,10,8.8,0.71
EMP1907,Female,Service,Yes,4,4,3.0,0.37
EMP1908,Male,Product,No,0,2,8.2,0.46
EMP1909,Male,Product,No,5,3,3.6,0.48
EMP1910,Male,Service,Yes,5,1,1.0,0.23
EMP1911,Male,Product,Yes,3,1,7.6,0.41
EMP1912,Female,Product,No,1,7,6.0,0.59
EMP1913,Female,Service,Yes,5,5,2.7,0.45
EMP1914,Male,Service,Yes,3,3,2.5,0.32
EMP1915,Male,Product,Yes,3,7,9.8,0.7
EMP1916,Female,Service,Yes,1,2,8.6,0.44
EMP1917,Female,Product,Yes,4,3,8.1,0.48
EMP1918,Female,Product,No,4,1,1.3,0.28
EMP1919,Male,Product,No,4,8,7.6,0.77
EMP1920,Male,Product,Yes,2,2,2.1,0.13
EMP1921,Female,Product,No,4,7,9.8,0.86
EMP1922,Male,Service,Yes,1,9,0.5,0.36
EMP1923,Female,Service,Yes,2,6,3.5,0.4
EMP1924,Male,Service,Yes,4,2,4.3,0.36
EMP1925,Female,Product,No,2,2,8.2,0.55
EMP1926,Male,Product,Yes,1,9,7.7,0.55
EMP1927,Female,Product,Yes,4,10,3.7,0.56
EMP1928,Male,Product,No,0,8,5.7,0.54
EMP1929,Female,Product,No,5,9,8.4,0.89
EMP1930,Male,Service,No,1,4,0.2,0.3
EMP1931,Female,Service,Yes,3,4,8.0,0.58
EMP1932,Female,Service,Yes,3,2,9.5,0.6
EMP1933,Female,Service,Yes,1,10,0.3,0.35
EMP1934,Female,Service,Yes,3,1,0.5,0.14
EMP1935,Female,Product,No,1,10,3.4,0.5
EMP1936,Female,Product,Yes,0,4,0.9,0.05
EMP1937,Male,Product,Yes,1,10,4.8,0.49
EMP1938,Female,Service,No,4,10,7.3,0.88
EMP1939,Male,Service,Yes,4,8,5.7,0.61
EMP1940,Male,Product,Yes,2,2,2.0,0.13
EMP1941,Male,Service,No,3,8,6.5,0.76
EMP1942,Male,Service,No,5,1,6.8,0.6
EMP1943,Female,Product,No,3,1,9.3,0.62
EMP1944,Female,Product,Yes,1,4,1.5,0.19
EMP1945,Female,Product,Yes,5,7,6.9,0.61
EMP1946,Male,Service,No,5,9,9.1,0.98
EMP1947,Male,Product,Yes,3,5,5.0,0.42
EMP1948,Male,Service,Yes,5,2,3.6,0.37
EMP1949,Male,Product,No,5,7,1.7,0.51
EMP1950,Male,Service,Yes,4,2,8.7,0.57
EMP1951,Male,Product,No,0,9,3.9,0.47
EMP1952,Male,Service,Yes,1,9,9.2,0.72
EMP1953,Female,Service,Yes,3,3,8.5,0.55
EMP1954,Female,Service,Yes,4,8,3.8,0.53
EMP1955,Female,Service,No,2,4,5.7,0.55
EMP1956,Female,Product,Yes,5,3,0.3,0.23
EMP1957,Female,Service,Yes,5,1,2.6,0.3
EMP1958,Male,Product,No,3,5,7.1,0.58
EMP1959,Female,Product,No,0,4,6.8,0.47
EMP1960,Female,Service,No,0,1,3.5,0.27
EMP1961,Male,Product,Yes,3,10,8.1,0.68
EMP1962,Male,Service,Yes,3,8,2.4,0.46
EMP1963,Female,Service,No,4,8,4.6,0.69
EMP1964,Male,Product,No,3,8,4.7,0.61
EMP1965,Female,Service,Yes,2,3,3.4,0.33
EMP1966,Female,Product,Yes,4,6,9.5,0.66
EMP1967,Male,Product,No,5,7,7.0,0.79
EMP1968,Male,Product,Yes,5,9,5.4,0.64
EMP1969,Male,Service,No,5,5,5.1,0.65
EMP1970,Male,Service,Yes,5,9,1.6,0.51
EMP1971,Male,Service,Yes,1,6,3.7,0.35
EMP1972,Female,Service,No,2,10,6.7,0.79
EMP1973,Male,Product,Yes,4,10,9.2,0.8
EMP1974,Male,Product,Yes,4,10,8.2,0.73
EMP1975,Male,Service,Yes,5,4,3.0,0.39
EMP1976,Female,Service,Yes,0,1,4.3,0.21
EMP1977,Male,Product,No,4,1,0.8,0.25
EMP1978,Male,Product,No,2,10,1.0,0.46
EMP1979,Female,Service,No,3,5,4.7,0.58
EMP1980,Female,Service,Yes,2,3,5.3,0.41
EMP1981,Male,Product,Yes,5,5,2.6,0.39
EMP1982,Female,Service,Yes,5,5,6.4,0.61
EMP1983,Male,Service,No,1,1,7.0,0.48
EMP1984,Male,Service,No,4,8,3.0,0.61
EMP1985,Male,Product,No,4,5,7.6,0.69
EMP1986,Male,Service,Yes,4,5,2.1,0.39
EMP1987,Female,Product,Yes,5,9,5.4,0.61
EMP1988,Male,Product,Yes,4,8,8.0,0.66
EMP1989,Male,Service,Yes,0,1,5.4,0.27
EMP1990,Female,Service,Yes,0,3,9.1,0.47
EMP1991,Female,Product,No,3,7,0.6,0.4
EMP1992,Male,Service,Yes,4,1,5.9,0.42
EMP1993,Female,Service,Yes,1,1,5.6,0.31
EMP1994,Male,Service,Yes,3,5,6.6,0.54
EMP1995,Female,Service,No,5,9,8.3,0.94
EMP1996,Female,Service,Yes,4,6,7.3,0.66
EMP1997,Female,Service,No,0,10,7.9,0.75
EMP1998,Male,Product,No,1,2,2.9,0.26
EMP1999,Male,Product,Yes,3,9,3.9,0.5
EMP2000,Male,Product,No,1,6,6.3,0.55
EMP2001,Male,Service,Yes,4,5,5.5,0.52
EMP2002,Male,Service,Yes,2,5,9.6,0.62
EMP2003,Female,Product,No,1,3,1.9,0.24
EMP2004,Male,Product,No,1,6,3.5,0.43
EMP2005,Male,Service,Yes,5,4,5.7,0.52
EMP2006,Female,Product,Yes,0,10,8.7,0.62
EMP2007,Male,Service,Yes,4,2,9.3,0.59
EMP2008,Female,Product,Yes,1,3,3.4,0.18
EMP2009,Male,Service,Yes,4,9,0.7,0.46
EMP2010,Male,Service,Yes,0,9,4.2,0.49
EMP2011,Male,Product,Yes,5,6,3.9,0.47
EMP2012,Male,Service,No,4,10,9.9,0.99
EMP2013,Female,Product,Yes,0,10,4.3,0.4
EMP2014,Male,Service,Yes,0,9,3.1,0.4
EMP2015,Male,Service,Yes,3,4,3.7,0.39
EMP2016,Male,Product,No,5,5,4.0,0.56
EMP2017,Male,Service,Yes,5,10,8.2,0.85
EMP2018,Female,Service,Yes,4,6,0.8,0.38
EMP2019,Male,Product,Yes,2,9,3.2,0.39
EMP2020,Female,Product,No,3,5,9.7,0.74
EMP2021,Female,Service,Yes,5,8,1.5,0.45
EMP2022,Female,Service,No,0,1,7.4,0.45
EMP2023,Female,Service,No,5,5,3.6,0.62
EMP2024,Male,Service,No,2,10,5.8,0.74
EMP2025,Male,Service,No,1,1,1.0,0.19
EMP2026,Male,Product,Yes,1,10,3.1,0.42
EMP2027,Female,Service,Yes,5,6,5.0,0.56
EMP2028,Female,Service,No,5,7,2.3,0.63
EMP2029,Male,Service,Yes,3,5,5.4,0.5
EMP2030,Female,Product,Yes,5,1,2.2,0.22
EMP2031,Male,Product,No,2,6,6.5,0.61
EMP2032,Female,Product,Yes,5,10,9.0,0.81
EMP2033,Male,Product,Yes,4,5,0.9,0.27
EMP2034,Female,Product,Yes,2,6,2.2,0.27
EMP2035,Female,Service,Yes,3,10,8.4,0.75
EMP2036,Male,Service,No,4,7,6.3,0.74
EMP2037,Male,Product,Yes,4,7,0.8,0.32
EMP2038,Male,Service,Yes,1,2,4.9,0.31
EMP2039,Male,Product,Yes,2,3,2.1,0.15
EMP2040,Male,Product,No,4,6,2.0,0.5
EMP2041,Female,Product,No,3,3,9.4,0.69
EMP2042,Female,Service,Yes,1,2,7.6,0.4
EMP2043,Male,Product,No,4,4,7.0,0.65
EMP2044,Male,Product,Yes,2,5,2.4,0.24
EMP2045,Female,Product,No,1,10,1.2,0.47
EMP2046,Female,Service,Yes,2,9,8.7,0.7
EMP2047,Male,Product,No,2,3,0.1,0.24
EMP2048,Female,Service,Yes,2,3,3.9,0.3
EMP2049,Male,Service,Yes,1,6,2.8,0.35
EMP2050,Male,Service,Yes,4,5,5.7,0.56
EMP2051,Male,Service,No,5,6,2.5,0.56
EMP2052,Male,Product,Yes,0,7,3.1,0.31
EMP2053,Male,Product,No,4,3,8.5,0.68
EMP2054,Female,Service,Yes,1,5,6.0,0.4
EMP2055,Female,Service,Yes,0,8,1.5,0.29
EMP2056,Female,Service,Yes,0,4,7.3,0.45
EMP2057,Male,Service,No,0,10,2.1,0.52
EMP2058,Male,Service,Yes,5,2,4.3,0.42
EMP2059,Female,Service,No,3,4,6.5,0.64
EMP2060,Male,Service,No,1,2,2.7,0.31
EMP2061,Male,Service,No,5,3,3.8,0.55
EMP2062,Male,Product,Yes,5,4,7.3,0.53
EMP2063,Female,Service,No,3,4,9.4,0.75
EMP2064,Male,Product,No,0,10,5.3,0.61
EMP2065,Male,Product,Yes,3,9,0.1,0.33
EMP2066,Female,Service,No,3,10,3.4,0.68
EMP2067,Male,Product,Yes,5,6,4.0,0.49
EMP2068,Male,Product,Yes,1,9,3.4,0.41
EMP2069,Male,Product,Yes,2,4,4.4,0.35
EMP2070,Male,Service,Yes,3,9,6.3,0.67
EMP2071,Female,Service,Yes,3,9,1.2,0.44
EMP2072,Male,Service,Yes,0,6,2.7,0.31
EMP2073,Male,Product,No,0,5,5.1,0.43
EMP2074,Female,Service,Yes,5,3,3.2,0.4
EMP2075,Female,Service,Yes,0,5,9.9,0.59
EMP2076,Female,Product,Yes,4,3,4.3,0.37
EMP2077,Male,Product,Yes,3,5,8.7,0.57
EMP2078,Male,Product,No,0,5,9.0,0.59
EMP2079,Female,Service,Yes,1,2,8.4,0.44
EMP2080,Female,Service,No,4,9,0.5,0.55
EMP2081,Male,Service,Yes,5,7,9.5,0.82
EMP2082,Male,Product,No,2,6,1.3,0.39
EMP2083,Male,Service,Yes,3,5,0.3,0.29
EMP2084,Female,Service,Yes,3,4,4.1,0.38
EMP2085,Male,Service,No,1,8,1.9,0.47
EMP2086,Male,Service,Yes,2,2,1.8,0.2
EMP2087,Male,Product,No,2,8,2.9,0.48
EMP2088,Female,Product,No,5,1,2.5,0.41
EMP2089,Female,Service,Yes,5,10,6.8,0.78
EMP2090,Male,Service,Yes,4,1,1.9,0.25
EMP2091,Female,Service,Yes,3,3,5.4,0.42
EMP2092,Female,Product,No,0,5,9.9,0.65
EMP2093,Male,Service,No,5,6,4.3,0.71
EMP2094,Male,Product,Yes,1,4,6.4,0.36
EMP2095,Male,Product,Yes,1,7,9.7,0.59
EMP2096,Female,Service,Yes,1,7,1.4,0.3
EMP2097,Female,Service,No,5,2,4.2,0.53
EMP2098,Female,Product,Yes,5,2,8.5,0.54
EMP2099,Female,Product,Yes,1,2,9.3,0.41
EMP2100,Male,Product,No,5,2,6.0,0.54
EMP2101,Female,Product,Yes,0,9,1.4,0.26
EMP2102,Male,Service,Yes,0,5,9.0,0.53
EMP2103,Male,Service,No,4,8,1.7,0.57
EMP2104,Female,Product,No,3,5,3.5,0.49
EMP2105,Female,Service,Yes,0,5,3.8,0.31
EMP2106,Male,Service,Yes,4,1,4.5,0.37
EMP2107,Female,Service,Yes,2,6,7.9,0.6
EMP2108,Female,Product,Yes,3,4,8.0,0.51
EMP2109,Male,Service,No,0,3,7.2,0.52
EMP2110,Female,Product,Yes,2,6,0.2,0.18
EMP2111,Male,Product,No,4,2,5.6,0.51
EMP2112,Male,Product,No,0,8,7.5,0.61
EMP2113,Male,Service,Yes,0,1,4.4,0.2
EMP2114,Female,Product,Yes,5,9,9.4,0.82
EMP2115,Female,Product,Yes,2,8,8.2,0.58
EMP2116,Male,Product,No,0,1,6.4,0.39
EMP2117,Male,Service,No,1,10,0.6,0.51
EMP2118,Female,Service,Yes,5,9,6.5,0.73
EMP2119,Male,Product,No,5,2,9.1,0.72
EMP2120,Female,Service,Yes,0,3,3.8,0.23
EMP2121,Female,Service,No,5,2,8.4,0.74
EMP2122,Male,Service,Yes,3,8,3.1,0.48
EMP2123,Female,Product,Yes,2,2,5.7,0.27
EMP2124,Male,Service,No,3,10,6.5,0.8
EMP2125,Female,Service,Yes,4,2,6.8,0.49
EMP2126,Female,Service,Yes,3,1,8.8,0.52
EMP2127,Female,Product,Yes,1,7,2.3,0.27
EMP2128,Male,Service,Yes,5,2,2.6,0.34
EMP2129,Female,Service,Yes,5,10,7.0,0.79
EMP2130,Male,Service,No,1,5,1.8,0.39
EMP2131,Male,Product,Yes,5,5,4.6,0.46
EMP2132,Male,Product,Yes,3,3,0.2,0.13
EMP2133,Female,Service,No,4,3,1.4,0.43
EMP2134,Male,Service,Yes,0,3,6.8,0.37
EMP2135,Female,Product,Yes,1,6,7.5,0.45
EMP2136,Female,Service,No,3,4,1.2,0.39
EMP2137,Male,Product,No,3,3,2.3,0.36
EMP2138,Female,Service,No,3,2,1.0,0.32
EMP2139,Male,Service,No,0,3,4.3,0.38
EMP2140,Female,Service,Yes,2,4,1.3,0.22
EMP2141,Female,Service,No,5,6,4.4,0.67
EMP2142,Male,Product,Yes,5,4,7.3,0.55
EMP2143,Female,Service,No,4,8,6.8,0.78
EMP2144,Male,Product,Yes,2,3,2.8,0.21
EMP2145,Male,Service,No,5,3,6.7,0.66
EMP2146,Female,Service,No,4,3,9.3,0.75
EMP2147,Male,Service,No,4,8,3.5,0.69
EMP2148,Male,Product,Yes,3,4,3.3,0.31
EMP2149,Male,Service,Yes,1,1,5.7,0.27
EMP2150,Female,Product,No,3,2,2.5,0.34
EMP2151,Male,Product,No,0,10,6.5,0.66
EMP2152,Male,Service,Yes,5,2,8.3,0.57
EMP2153,Female,Service,No,4,3,4.6,0.53
EMP2154,Female,Service,No,1,6,6.8,0.63
EMP2155,Male,Product,Yes,5,8,6.5,0.64
EMP2156,Male,Product,No,4,1,0.4,0.27
EMP2157,Male,Service,Yes,4,9,1.8,0.49
EMP2158,Male,Service,Yes,3,1,8.9,0.53
EMP2159,Male,Product,Yes,1,10,9.4,0.71
EMP2160,Female,Service,Yes,1,2,7.8,0.41
EMP2161,Female,Service,No,5,3,9.2,0.8
EMP2162,Female,Service,Yes,4,7,3.1,0.48
EMP2163,Male,Service,No,1,9,2.5,0.49
EMP2164,Female,Service,No,1,3,3.8,0.41
EMP2165,Male,Service,No,5,8,0.6,0.58
EMP2166,Female,Service,Yes,3,9,8.1,0.7
EMP2167,Female,Product,No,2,10,9.8,0.85
EMP2168,Male,Service,Yes,0,7,8.2,0.55
EMP2169,Female,Service,Yes,2,4,5.5,0.44
EMP2170,Male,Service,Yes,1,4,3.0,0.25
EMP2171,Female,Product,Yes,4,4,2.0,0.29
EMP2172,Male,Service,No,0,6,3.6,0.41
EMP2173,Male,Service,Yes,0,4,6.7,0.41
EMP2174,Female,Product,No,4,5,4.5,0.55
EMP2175,Male,Product,Yes,0,9,9.3,0.6
EMP2176,Female,Service,Yes,4,7,8.5,0.74
EMP2177,Male,Product,No,0,8,1.0,0.29
EMP2178,Female,Service,No,5,5,1.3,0.51
EMP2179,Female,Service,Yes,5,5,6.8,0.64
EMP2180,Male,Service,Yes,2,7,2.3,0.38
EMP2181,Male,Product,Yes,0,8,7.9,0.54
EMP2182,Male,Product,Yes,3,9,5.9,0.56
EMP2183,Male,Service,No,4,2,2.3,0.42
EMP2184,Male,Product,No,0,3,4.8,0.37
EMP2185,Female,Service,Yes,5,2,4.1,0.43
EMP2186,Female,Product,No,5,10,8.7,0.96
EMP2187,Female,Product,Yes,4,7,0.3,0.3
EMP2188,Female,Product,Yes,3,2,9.0,0.49
EMP2189,Female,Service,Yes,0,2,6.5,0.32
EMP2190,Female,Service,No,0,2,7.4,0.49
EMP2191,Male,Product,Yes,3,4,0.0,0.18
EMP2192,Female,Product,Yes,3,1,6.3,0.34
EMP2193,Female,Product,Yes,3,2,5.9,0.34
EMP2194,Female,Service,Yes,5,3,5.4,0.49
EMP2195,Male,Product,No,4,7,7.9,0.75
EMP2196,Male,Service,Yes,3,10,5.6,0.64
EMP2197,Male,Service,Yes,4,1,8.6,0.53
EMP2198,Female,Service,No,2,6,2.3,0.45
EMP2199,Male,Product,No,0,3,8.1,0.48
EMP2200,Male,Service,No,0,3,1.8,0.3
EMP2201,Female,Product,Yes,1,4,8.1,0.44
EMP2202,Male,Product,Yes,2,4,9.4,0.57
EMP2203,Male,Service,Yes,3,7,3.4,0.45
EMP2204,Male,Service,Yes,3,3,5.3,0.43
EMP2205,Female,Product,No,5,8,6.6,0.77
EMP2206,Female,Product,Yes,2,8,0.8,0.29
EMP2207,Male,Service,Yes,3,7,4.9,0.51
EMP2208,Female,Product,Yes,1,2,3.6,0.17
EMP2209,Male,Service,Yes,4,5,8.7,0.67
EMP2210,Female,Service,No,0,6,8.8,0.67
EMP2211,Female,Product,Yes,2,10,7.0,0.58
EMP2212,Female,Service,Yes,0,4,6.6,0.42
EMP2213,Male,Product,Yes,4,10,7.3,0.71
EMP2214,Female,Service,Yes,2,5,3.7,0.37
EMP2215,Female,Service,Yes,4,9,4.0,0.59
EMP2216,Male,Product,No,3,7,5.5,0.63
EMP2217,Female,Service,Yes,3,2,9.4,0.59
EMP2218,Male,Service,No,3,1,7.2,0.57
EMP2219,Female,Product,No,4,2,5.5,0.49
EMP2220,Male,Service,No,4,3,7.7,0.71
EMP2221,Female,Product,No,4,2,3.7,0.42
EMP2222,Male,Product,Yes,0,3,7.3,0.33
EMP2223,Male,Product,Yes,4,10,4.1,0.56
EMP2224,Male,Product,Yes,3,9,2.8,0.46
EMP2225,Male,Product,No,1,4,6.1,0.47
EMP2226,Male,Product,No,4,9,6.9,0.79
EMP2227,Male,Service,No,1,3,4.6,0.44
EMP2228,Female,Service,Yes,3,1,5.7,0.39
EMP2229,Male,Service,No,4,5,6.9,0.69
EMP2230,Male,Product,Yes,0,10,7.7,0.59
EMP2231,Female,Product,Yes,0,10,9.0,0.61
EMP2232,Male,Product,Yes,1,2,3.5,0.18
EMP2233,Female,Service,Yes,5,4,9.5,0.68
EMP2234,Female,Service,Yes,0,2,6.4,0.33
EMP2235,Female,Product,Yes,0,2,7.9,0.33
EMP2236,Female,Product,Yes,0,3,7.0,0.31
EMP2237,Female,Service,No,3,5,2.1,0.46
EMP2238,Male,Product,No,0,4,0.7,0.21
EMP2239,Male,Product,No,2,2,7.3,0.51
EMP2240,Male,Service,Yes,4,10,5.1,0.67
EMP2241,Female,Service,No,0,2,7.0,0.5
EMP2242,Male,Product,No,5,6,4.8,0.65
EMP2243,Female,Product,Yes,5,7,3.1,0.46
EMP2244,Female,Service,Yes,0,10,2.9,0.4
EMP2245,Female,Product,Yes,0,6,7.3,0.42
EMP2246,Male,Product,Yes,2,7,2.8,0.3
EMP2247,Male,Product,No,0,1,7.1,0.38
EMP2248,Female,Product,No,0,6,3.8,0.42
EMP2249,Female,Product,Yes,4,3,7.7,0.51
EMP2250,Male,Service,No,5,1,1.4,0.39
EMP2251,Male,Product,No,2,8,2.0,0.44
EMP2252,Female,Product,No,5,4,6.9,0.66
EMP2253,Female,Service,Yes,2,10,5.6,0.65
EMP2254,Female,Service,No,5,8,2.0,0.66
EMP2255,Female,Service,Yes,0,10,9.0,0.68
EMP2256,Female,Service,Yes,5,4,2.8,0.39
EMP2257,Male,Product,Yes,5,4,4.2,0.46
EMP2258,Male,Service,Yes,2,10,2.0,0.44
EMP2259,Male,Service,No,1,4,3.9,0.45
EMP2260,Male,Service,Yes,2,6,4.9,0.43
EMP2261,Female,Service,Yes,2,9,3.0,0.46
EMP2262,Female,Service,Yes,2,5,7.7,0.52
EMP2263,Female,Service,No,3,10,3.9,0.68
EMP2264,Male,Product,Yes,3,8,7.3,0.58
EMP2265,Female,Service,No,3,8,2.1,0.57
EMP2266,Female,Service,Yes,2,4,3.8,0.35
EMP2267,Female,Service,Yes,1,10,0.1,0.39
EMP2268,Female,Product,Yes,2,9,7.6,0.63
EMP2269,Male,Service,Yes,0,9,6.3,0.56
EMP2270,Male,Product,Yes,1,5,8.2,0.48
EMP2271,Male,Product,Yes,3,6,4.6,0.43
EMP2272,Male,Product,No,5,5,8.0,0.76
EMP2273,Male,Product,No,5,3,6.5,0.56
EMP2274,Female,Service,Yes,4,8,0.0,0.37
EMP2275,Female,Product,Yes,1,9,2.5,0.32
EMP2276,Female,Service,No,3,4,4.9,0.52
EMP2277,Female,Product,Yes,1,9,6.2,0.49
EMP2278,Male,Product,Yes,1,9,0.7,0.25
EMP2279,Female,Product,No,5,7,7.1,0.78
EMP2280,Male,Product,No,2,8,5.4,0.6
EMP2281,Male,Product,Yes,0,3,5.3,0.21
EMP2282,Male,Product,Yes,4,5,2.9,0.36
EMP2283,Male,Service,Yes,3,3,5.9,0.43
EMP2284,Male,Product,No,1,7,0.3,0.32
EMP2285,Male,Product,Yes,4,6,0.6,0.29
EMP2286,Male,Product,Yes,1,3,7.3,0.36
EMP2287,Female,Service,Yes,5,9,3.2,0.59
EMP2288,Male,Service,Yes,0,1,3.5,0.18
EMP2289,Male,Service,No,5,10,2.1,0.69
EMP2290,Male,Product,No,4,3,4.5,0.47
EMP2291,Female,Product,No,3,10,0.5,0.49
EMP2292,Male,Service,Yes,1,7,3.0,0.37
EMP2293,Male,Product,Yes,0,3,5.3,0.25
EMP2294,Male,Product,Yes,5,3,4.7,0.4
EMP2295,Male,Product,Yes,4,2,10.0,0.55
EMP2296,Male,Product,No,5,9,3.9,0.68
EMP2297,Male,Product,Yes,1,4,3.9,0.26
EMP2298,Male,Service,Yes,1,10,5.0,0.55
EMP2299,Male,Product,Yes,3,6,1.9,0.3
EMP2300,Male,Service,No,0,2,8.8,0.54
EMP2301,Female,Product,Yes,2,9,5.7,0.51
EMP2302,Female,Product,Yes,5,7,1.9,0.4
EMP2303,Male,Service,Yes,1,10,7.9,0.69
EMP2304,Male,Product,No,4,5,0.3,0.35
EMP2305,Female,Service,Yes,5,7,9.8,0.81
EMP2306,Male,Service,No,3,4,8.7,0.7
EMP2307,Male,Product,No,3,10,5.8,0.73
EMP2308,Female,Service,Yes,1,7,1.1,0.28
EMP2309,Male,Product,No,1,2,2.2,0.23
EMP2310,Male,Service,Yes,1,7,2.8,0.37
EMP2311,Male,Product,No,2,4,2.4,0.3
EMP2312,Female,Service,Yes,1,4,5.0,0.34
EMP2313,Male,Product,Yes,5,1,9.4,0.55
EMP2314,Female,Service,Yes,5,3,4.4,0.47
EMP2315,Female,Service,Yes,0,5,6.6,0.44
EMP2316,Male,Service,No,4,5,6.9,0.71
EMP2317,Male,Service,Yes,1,2,8.7,0.51
EMP2318,Male,Service,No,5,4,0.3,0.44
EMP2319,Male,Service,Yes,5,1,4.0,0.36
EMP2320,Male,Product,No,5,9,7.8,0.87
EMP2321,Female,Product,Yes,2,1,8.1,0.37
EMP2322,Female,Product,Yes,4,6,9.3,0.65
EMP2323,Female,Product,Yes,3,7,7.0,0.53
EMP2324,Male,Product,No,5,3,2.5,0.43
EMP2325,Female,Service,Yes,1,1,5.1,0.25
EMP2326,Female,Product,Yes,5,7,0.3,0.35
EMP2327,Female,Service,Yes,4,3,6.5,0.51
EMP2328,Male,Product,No,3,10,5.5,0.68
EMP2329,Female,Product,Yes,2,6,6.7,0.47
EMP2330,Male,Service,Yes,0,6,9.3,0.59
EMP2331,Male,Service,Yes,1,4,6.9,0.48
EMP2332,Male,Service,No,0,6,3.2,0.4
EMP2333,Female,Service,No,2,10,2.0,0.57
EMP2334,Female,Product,Yes,4,4,8.5,0.54
EMP2335,Male,Service,Yes,4,8,1.9,0.47
EMP2336,Male,Product,Yes,2,9,1.6,0.32
EMP2337,Male,Product,Yes,5,2,2.1,0.28
EMP2338,Male,Product,Yes,2,7,5.1,0.46
EMP2339,Male,Product,No,1,9,1.2,0.43
EMP2340,Male,Product,Yes,3,9,9.4,0.71
EMP2341,Female,Service,No,0,5,9.7,0.67
EMP2342,Male,Service,Yes,0,1,9.7,0.43
EMP2343,Male,Product,No,4,6,0.4,0.42
EMP2344,Male,Product,Yes,5,8,9.5,0.74
EMP2345,Female,Product,Yes,4,1,10.0,0.54
EMP2346,Female,Product,Yes,1,2,9.4,0.41
EMP2347,Female,Service,Yes,2,1,6.7,0.37
EMP2348,Male,Product,Yes,0,5,7.0,0.4
EMP2349,Female,Service,No,1,2,1.2,0.23
EMP2350,Male,Product,No,4,10,8.7,0.88
EMP2351,Female,Service,Yes,4,10,0.6,0.47
EMP2352,Female,Product,Yes,0,4,3.2,0.19
EMP2353,Female,Service,Yes,4,1,9.9,0.59
EMP2354,Female,Product,Yes,5,7,4.2,0.52
EMP2355,Female,Service,Yes,4,8,1.3,0.43
EMP2356,Male,Product,No,3,5,9.7,0.74
EMP2357,Female,Product,No,2,2,9.8,0.61
EMP2358,Male,Service,No,4,8,1.9,0.59
EMP2359,Male,Service,Yes,3,1,8.6,0.51
EMP2360,Male,Service,No,1,7,3.9,0.54
EMP2361,Male,Service,No,4,1,3.8,0.45
EMP2362,Male,Service,Yes,5,6,2.6,0.45
EMP2363,Male,Product,Yes,1,6,0.4,0.19
EMP2364,Male,Product,No,4,5,2.7,0.5
EMP2365,Female,Product,Yes,0,2,0.5,0.0
EMP2366,Male,Service,Yes,3,2,9.2,0.57
EMP2367,Male,Product,Yes,3,9,6.6,0.59
EMP2368,Female,Product,Yes,0,5,8.9,0.45
EMP2369,Male,Service,Yes,2,5,7.2,0.53
EMP2370,Female,Service,No,5,7,1.3,0.62
EMP2371,Female,Product,No,3,6,9.4,0.78
EMP2372,Female,Product,No,1,2,9.0,0.56
EMP2373,Female,Product,Yes,5,1,3.5,0.3
EMP2374,Male,Product,No,3,5,1.1,0.35
EMP2375,Female,Product,Yes,2,4,7.0,0.44
EMP2376,Male,Service,Yes,1,3,7.3,0.38
EMP2377,Male,Service,Yes,5,2,9.0,0.63
EMP2378,Female,Service,Yes,1,10,0.5,0.38
EMP2379,Male,Product,Yes,0,2,1.4,0.05
EMP2380,Female,Service,Yes,4,4,6.0,0.55
EMP2381,Female,Product,Yes,0,2,6.2,0.23
EMP2382,Female,Service,Yes,5,4,0.3,0.34
EMP2383,Female,Service,No,4,3,4.0,0.52
EMP2384,Male,Product,Yes,0,9,5.8,0.48
EMP2385,Male,Product,No,4,7,7.4,0.75
EMP2386,Female,Service,Yes,3,3,3.2,0.36
EMP2387,Male,Product,Yes,1,8,4.8,0.44
EMP2388,Female,Service,No,4,9,8.1,0.9
EMP2389,Female,Product,Yes,3,7,9.5,0.69
EMP2390,Female,Service,Yes,2,6,2.3,0.35
EMP2391,Male,Product,No,0,4,2.5,0.29
EMP2392,Male,Product,Yes,2,5,9.4,0.56
EMP2393,Male,Service,No,5,8,4.0,0.7
EMP2394,Male,Product,Yes,3,3,7.2,0.45
EMP2395,Female,Product,Yes,2,2,6.1,0.33
EMP2396,Male,Product,Yes,2,3,2.9,0.24
EMP2397,Male,Product,Yes,3,7,6.5,0.53
EMP2398,Male,Product,No,1,8,6.6,0.6
EMP2399,Female,Product,No,4,1,5.9,0.51
EMP2400,Female,Service,Yes,5,7,1.0,0.43
EMP2401,Male,Product,Yes,5,9,10.0,0.81
EMP2402,Male,Service,No,0,3,4.0,0.4
EMP2403,Male,Product,Yes,4,3,6.4,0.46
EMP2404,Male,Product,Yes,0,8,8.9,0.59
EMP2405,Female,Service,Yes,5,4,4.2,0.47
EMP2406,Female,Product,Yes,4,8,7.7,0.64
EMP2407,Male,Service,No,2,5,9.7,0.74
EMP2408,Male,Product,No,1,3,3.6,0.32
EMP2409,Female,Service,Yes,2,4,4.1,0.36
EMP2410,Male,Service,Yes,1,4,9.1,0.55
EMP2411,Female,Service,Yes,3,8,1.6,0.4
EMP2412,Male,Service,Yes,0,6,0.3,0.17
EMP2413,Male,Service,Yes,0,7,9.1,0.63
EMP2414,Male,Product,No,3,9,8.2,0.74
EMP2415,Male,Product,Yes,4,6,9.7,0.69
EMP2416,Female,Service,Yes,3,3,0.6,0.19
EMP2417,Male,Product,Yes,5,3,1.6,0.26
EMP2418,Male,Product,Yes,3,3,1.1,0.2
EMP2419,Male,Service,Yes,1,10,6.8,0.63
EMP2420,Male,Product,No,5,2,6.1,0.61
EMP2421,Male,Service,Yes,3,1,3.6,0.3
EMP2422,Male,Service,No,0,10,0.6,0.43
EMP2423,Female,Service,Yes,2,1,6.4,0.38
EMP2424,Male,Service,Yes,1,4,5.7,0.42
EMP2425,Male,Product,Yes,1,3,1.1,0.11
EMP2426,Female,Product,Yes,4,5,9.1,0.62
EMP2427,Male,Service,Yes,2,9,2.0,0.39
EMP2428,Female,Product,Yes,1,8,7.4,0.52
EMP2429,Male,Service,No,3,9,8.9,0.91
EMP2430,Female,Service,No,1,5,5.8,0.54
EMP2431,Female,Product,Yes,1,8,2.5,0.31
EMP2432,Female,Product,Yes,1,4,3.1,0.24
EMP2433,Female,Service,Yes,4,5,8.9,0.69
EMP2434,Male,Product,Yes,1,3,3.0,0.16
EMP2435,Female,Service,Yes,1,5,7.5,0.5
EMP2436,Male,Product,No,4,3,9.9,0.74
EMP2437,Male,Service,Yes,5,5,10.0,0.76
EMP2438,Male,Service,Yes,2,5,5.3,0.47
EMP2439,Male,Service,Yes,5,6,8.3,0.74
EMP2440,Male,Service,Yes,0,9,9.9,0.68
EMP2441,Female,Product,No,4,1,3.7,0.38
EMP2442,Male,Product,Yes,4,10,2.5,0.5
EMP2443,Female,Service,Yes,1,6,1.1,0.23
EMP2444,Female,Product,No,1,1,1.4,0.17
EMP2445,Male,Service,Yes,0,6,8.5,0.55
EMP2446,Male,Service,No,1,2,5.9,0.45
EMP2447,Male,Service,Yes,3,8,8.7,0.73
EMP2448,Male,Service,Yes,1,3,7.9,0.45
EMP2449,Male,Service,No,1,10,6.7,0.73
EMP2450,Male,Service,Yes,3,6,6.1,0.56
EMP2451,Male,Product,Yes,0,6,0.5,0.16
EMP2452,Female,Product,Yes,3,4,8.7,0.52
EMP2453,Female,Product,Yes,4,5,4.2,0.39
EMP2454,Male,Service,No,3,2,5.6,0.52
EMP2455,Female,Service,No,2,10,0.2,0.51
EMP2456,Male,Service,No,4,10,9.4,0.96
EMP2457,Male,Product,No,1,8,9.0,0.75
EMP2458,Female,Service,Yes,4,10,5.4,0.67
EMP2459,Male,Product,Yes,0,7,5.8,0.38
EMP2460,Male,Service,Yes,0,10,7.1,0.64
EMP2461,Female,Service,Yes,3,6,2.6,0.42
EMP2462,Female,Product,Yes,4,7,2.2,0.37
EMP2463,Female,Product,No,1,1,6.7,0.43
EMP2464,Female,Service,Yes,0,5,1.0,0.17
EMP2465,Female,Service,Yes,5,7,4.5,0.6
EMP2466,Male,Product,Yes,1,1,4.9,0.24
EMP2467,Male,Service,No,5,2,3.8,0.5
EMP2468,Male,Service,No,2,9,1.9,0.53
EMP2469,Male,Service,No,5,3,3.6,0.53
EMP2470,Male,Product,Yes,0,6,3.4,0.26
EMP2471,Male,Service,No,3,7,5.0,0.66
EMP2472,Female,Service,Yes,2,9,6.7,0.63
EMP2473,Female,Service,No,4,5,9.7,0.8
EMP2474,Female,Service,Yes,1,4,1.4,0.19
EMP2475,Male,Product,Yes,0,2,8.7,0.35
EMP2476,Female,Product,Yes,2,3,2.8,0.22
EMP2477,Male,Product,No,2,5,5.9,0.51
EMP2478,Female,Product,Yes,0,2,5.5,0.21
EMP2479,Male,Product,No,4,4,5.6,0.54
EMP2480,Female,Product,Yes,4,1,7.2,0.42
EMP2481,Male,Service,Yes,3,4,3.8,0.41
EMP2482,Female,Product,Yes,5,7,3.2,0.47
EMP2483,Female,Service,Yes,4,3,8.5,0.63
EMP2484,Male,Service,Yes,3,10,2.2,0.5
EMP2485,Male,Service,Yes,5,8,1.8,0.5
EMP2486,Female,Product,No,2,6,0.2,0.3
EMP2487,Male,Service,Yes,0,6,2.1,0.27
EMP2488,Female,Service,No,4,1,5.2,0.5
EMP2489,Female,Service,Yes,3,5,5.4,0.47
EMP2490,Male,Service,No,2,3,2.5,0.37
EMP2491,Male,Service,Yes,4,10,0.7,0.47
EMP2492,Male,Service,Yes,1,1,7.4,0.37
EMP2493,Female,Product,Yes,2,8,7.6,0.62
EMP2494,Male,Service,Yes,4,7,10.0,0.79
EMP2495,Male,Product,No,2,7,9.0,0.73
EMP2496,Male,Service,Yes,0,10,9.3,0.69
EMP2497,Female,Product,Yes,0,10,8.0,0.64
EMP2498,Female,Product,No,0,10,6.2,0.61
EMP2499,Female,Service,Yes,5,4,1.3,0.34
EMP2500,Male,Service,No,1,6,6.2,0.62
